"team_name","league","country","season","transfer_type","player_name","player_url","player_position","player_age","player_nationality","club_2","league_2","country_2","transfer_fee","is_loan","transfer_notes","window","in_squad","appearances","goals","minutes_played"
"Bayern Munich","Bundesliga","Germany","2024","Arrivals","Michael Olise","https://www.transfermarkt.com/michael-olise/profil/spieler/566723","Right Winger","22","France","Crystal Palace","Premier League","England",5.3e+07,FALSE,NA,"Summer",56,55,20,3842
"Bayern Munich","Bundesliga","Germany","2024","Arrivals","João Palhinha","https://www.transfermarkt.com/joao-palhinha/profil/spieler/257455","Defensive Midfield","29","Portugal","Fulham","Premier League","England",5.1e+07,FALSE,NA,"Summer",40,25,0,986
"Bayern Munich","Bundesliga","Germany","2024","Arrivals","Hiroki Ito","https://www.transfermarkt.com/hiroki-ito/profil/spieler/353892","Centre-Back","25","Japan","Stuttgart","Bundesliga","Germany",23500000,FALSE,NA,"Summer",10,8,1,282
"Bayern Munich","Bundesliga","Germany","2024","Arrivals","Bryan Zaragoza","https://www.transfermarkt.com/bryan-zaragoza/profil/spieler/713644","Left Winger","22","Spain","Granada CF","LaLiga2","Spain",1.3e+07,FALSE,NA,"Summer",NA,NA,NA,NA
"Bayern Munich","Bundesliga","Germany","2024","Arrivals","Armindo Sieb","https://www.transfermarkt.com/armindo-sieb/profil/spieler/569033","Second Striker","21","Germany","Greuther Fürth","2. Bundesliga","Germany",1500000,FALSE,NA,"Summer",NA,NA,NA,NA
"Bayern Munich","Bundesliga","Germany","2024","Arrivals","Eric Dier","https://www.transfermarkt.com/eric-dier/profil/spieler/175722","Centre-Back","30","England","Tottenham","Premier League","England",0,FALSE,NA,"Summer",50,28,3,1833
"Bayern Munich","Bundesliga","Germany","2024","Arrivals","Maurice Krattenmacher","https://www.transfermarkt.com/maurice-krattenmacher/profil/spieler/829316","Attacking Midfield","18","Germany","Unterhaching","3. Liga","Germany",NA,FALSE,"?","Summer",2,0,0,0
"Bayern Munich","Bundesliga","Germany","2024","Arrivals","Lovro Zvonarek","https://www.transfermarkt.com/lovro-zvonarek/profil/spieler/892973","Attacking Midfield","19","Croatia","FC Bayern II","Regionalliga Bayern","Germany",NA,FALSE,"-","Summer",NA,NA,NA,NA
"Bayern Munich","Bundesliga","Germany","2024","Arrivals","Adam Aznou","https://www.transfermarkt.com/adam-aznou/profil/spieler/938146","Left-Back","18","Morocco","FC Bayern II","Regionalliga Bayern","Germany",NA,FALSE,"-","Summer",22,4,0,25
"Bayern Munich","Bundesliga","Germany","2024","Arrivals","Josip Stanisic","https://www.transfermarkt.com/josip-stanisic/profil/spieler/483046","Right-Back","24","Croatia","Leverkusen","Bundesliga","Germany",NA,TRUE,"End of loan 30/06/2024","Summer",30,26,0,1770
"Bayern Munich","Bundesliga","Germany","2024","Arrivals","Malik Tillman","https://www.transfermarkt.com/malik-tillman/profil/spieler/467437","Attacking Midfield","22","United States","PSV","Eredivisie","Netherlands",NA,TRUE,"End of loan 30/06/2024","Summer",NA,NA,NA,NA
"Bayern Munich","Bundesliga","Germany","2024","Arrivals","Paul Wanner","https://www.transfermarkt.com/paul-wanner/profil/spieler/900909","Attacking Midfield","18","Germany","SV Elversberg","2. Bundesliga","Germany",NA,TRUE,"End of loan 30/06/2024","Summer",NA,NA,NA,NA
"Bayern Munich","Bundesliga","Germany","2024","Arrivals","Arijon Ibrahimovic","https://www.transfermarkt.com/arijon-ibrahimovic/profil/spieler/744728","Attacking Midfield","18","Germany","Frosinone","Serie A","Italy",NA,TRUE,"End of loan 30/06/2024","Summer",12,3,0,16
"Bayern Munich","Bundesliga","Germany","2024","Arrivals","Gabriel Vidovic","https://www.transfermarkt.com/gabriel-vidovic/profil/spieler/604327","Left Winger","20","Croatia","Dinamo Zagreb","SuperSport HNL","Croatia",NA,TRUE,"End of loan 30/06/2024","Summer",18,4,0,22
"Bayern Munich","Bundesliga","Germany","2024","Arrivals","Maurice Krattenmacher","https://www.transfermarkt.com/maurice-krattenmacher/profil/spieler/829316","Attacking Midfield","19","Germany","SSV Ulm 1846","2. Bundesliga","Germany",NA,TRUE,"End of loan 31/05/2025","Summer",2,0,0,0
"Bayern Munich","Bundesliga","Germany","2024","Arrivals","Adam Aznou","https://www.transfermarkt.com/adam-aznou/profil/spieler/938146","Left-Back","18","Morocco","Real Valladolid","LaLiga","Spain",NA,TRUE,"End of loan 31/05/2025","Summer",22,4,0,25
"Bayern Munich","Bundesliga","Germany","2024","Arrivals","Frans Krätzig","https://www.transfermarkt.com/frans-kratzig/profil/spieler/604320","Left-Back","21","Germany","Austria Vienna","Bundesliga","Austria",NA,TRUE,"End of loan 30/06/2024","Summer",NA,NA,NA,NA
"Bayern Munich","Bundesliga","Germany","2024","Arrivals","Johannes Schenk","https://www.transfermarkt.com/johannes-schenk/profil/spieler/604326","Goalkeeper","21","Germany","Pr. Münster","3. Liga","Germany",NA,TRUE,"End of loan 30/06/2024","Summer",NA,NA,NA,NA
"Bayern Munich","Bundesliga","Germany","2024","Arrivals","Jonas Urbig","https://www.transfermarkt.com/jonas-urbig/profil/spieler/607720","Goalkeeper","21","Germany","1.FC Köln","2. Bundesliga","Germany",7e+06,FALSE,NA,"Winter",26,12,0,1022
"Bayern Munich","Bundesliga","Germany","2024","Arrivals","Gabriel Vidovic","https://www.transfermarkt.com/gabriel-vidovic/profil/spieler/604327","Left Winger","21","Croatia","Mainz","Bundesliga","Germany",NA,TRUE,"End of loan 03/02/2025","Winter",18,4,0,22
"Bayern Munich","Bundesliga","Germany","2024","Arrivals","Frans Krätzig","https://www.transfermarkt.com/frans-kratzig/profil/spieler/604320","Left-Back","21","Germany","Stuttgart","Bundesliga","Germany",NA,TRUE,"End of loan 02/01/2025","Winter",NA,NA,NA,NA
"Bayer 04 Leverkusen","Bundesliga","Germany","2024","Arrivals","Martin Terrier","https://www.transfermarkt.com/martin-terrier/profil/spieler/442891","Left Winger","27","France","Stade Rennais","Ligue 1","France",2e+07,FALSE,NA,"Summer",21,20,2,722
"Bayer 04 Leverkusen","Bundesliga","Germany","2024","Arrivals","Aleix García","https://www.transfermarkt.com/aleix-garcia/profil/spieler/261504","Central Midfield","27","Spain","Girona","LaLiga","Spain",1.8e+07,FALSE,NA,"Summer",50,42,5,2119
"Bayer 04 Leverkusen","Bundesliga","Germany","2024","Arrivals","Jeanuël Belocian","https://www.transfermarkt.com/jeanuel-belocian/profil/spieler/919515","Centre-Back","19","France","Stade Rennais","Ligue 1","France",1.5e+07,FALSE,NA,"Summer",17,9,0,251
"Bayer 04 Leverkusen","Bundesliga","Germany","2024","Arrivals","Nordi Mukiele","https://www.transfermarkt.com/nordi-mukiele/profil/spieler/348026","Right-Back","26","France","PSG","Ligue 1","France",NA,TRUE,"loan transfer","Summer",38,24,2,1582
"Bayer 04 Leverkusen","Bundesliga","Germany","2024","Arrivals","Iker Bravo","https://www.transfermarkt.com/iker-bravo/profil/spieler/741292","Centre-Forward","19","Spain","Leverkusen U19","U19 Nachwuchsliga - Liga A","Germany",NA,FALSE,"-","Summer",NA,NA,NA,NA
"Bayer 04 Leverkusen","Bundesliga","Germany","2024","Arrivals","Matija Marsenic","https://www.transfermarkt.com/matija-marsenic/profil/spieler/944582","Attacking Midfield","19","Montenegro","Leverkusen U19","U19 Nachwuchsliga - Liga A","Germany",NA,FALSE,"-","Summer",NA,NA,NA,NA
"Bayer 04 Leverkusen","Bundesliga","Germany","2024","Arrivals","Luca Novodomsky","https://www.transfermarkt.com/luca-novodomsky/profil/spieler/810826","Goalkeeper","19","Germany","Leverkusen U19","U19 Nachwuchsliga - Liga A","Germany",NA,FALSE,"-","Summer",0,0,0,0
"Bayer 04 Leverkusen","Bundesliga","Germany","2024","Arrivals","Sardar Azmoun","https://www.transfermarkt.com/sardar-azmoun/profil/spieler/180337","Centre-Forward","29","Iran","Roma","Serie A","Italy",NA,TRUE,"End of loan 30/06/2024","Summer",NA,NA,NA,NA
"Bayer 04 Leverkusen","Bundesliga","Germany","2024","Arrivals","Patrick Pentz","https://www.transfermarkt.com/patrick-pentz/profil/spieler/223972","Goalkeeper","27","Austria","Bröndby IF","Superliga","Denmark",NA,TRUE,"End of loan 30/06/2024","Summer",NA,NA,NA,NA
"Bayer 04 Leverkusen","Bundesliga","Germany","2024","Arrivals","Sadik Fofana","https://www.transfermarkt.com/sadik-fofana/profil/spieler/644613","Defensive Midfield","21","Togo","Fortuna Sittard","Eredivisie","Netherlands",NA,TRUE,"End of loan 30/06/2024","Summer",NA,NA,NA,NA
"Bayer 04 Leverkusen","Bundesliga","Germany","2024","Arrivals","Alejo Sarco","https://www.transfermarkt.com/alejo-sarco/profil/spieler/1000675","Centre-Forward","18","Argentina","Vélez Sarsfield","Torneo Clausura","Argentina",0,FALSE,NA,"Winter",6,0,0,0
"Bayer 04 Leverkusen","Bundesliga","Germany","2024","Arrivals","Emiliano Buendía","https://www.transfermarkt.com/emiliano-buendia/profil/spieler/321247","Attacking Midfield","28","Argentina","Aston Villa","Premier League","England",NA,TRUE,"loan transfer","Winter",19,14,2,321
"Bayer 04 Leverkusen","Bundesliga","Germany","2024","Arrivals","Mario Hermoso","https://www.transfermarkt.com/mario-hermoso/profil/spieler/281769","Centre-Back","29","Spain","Roma","Serie A","Italy",NA,TRUE,"loan transfer","Winter",8,7,0,440
"Bayer 04 Leverkusen","Bundesliga","Germany","2024","Arrivals","Noah Mbamba","https://www.transfermarkt.com/noah-mbamba/profil/spieler/743395","Central Midfield","20","Belgium","F. Düsseldorf","2. Bundesliga","Germany",NA,TRUE,"End of loan 02/02/2025","Winter",NA,NA,NA,NA
"RB Leipzig","Bundesliga","Germany","2024","Arrivals","Antonio Nusa","https://www.transfermarkt.com/antonio-nusa/profil/spieler/894914","Left Winger","19","Norway","Club Brugge","Jupiler Pro League","Belgium",2.1e+07,FALSE,NA,"Summer",36,36,5,2185
"RB Leipzig","Bundesliga","Germany","2024","Arrivals","Lutsharel Geertruida","https://www.transfermarkt.com/lutsharel-geertruida/profil/spieler/420210","Right-Back","24","Netherlands","Feyenoord","Eredivisie","Netherlands",2e+07,FALSE,NA,"Summer",43,35,1,2448
"RB Leipzig","Bundesliga","Germany","2024","Arrivals","Maarten Vandevoordt","https://www.transfermarkt.com/maarten-vandevoordt/profil/spieler/486046","Goalkeeper","22","Belgium","Genk","Jupiler Pro League","Belgium",1e+07,FALSE,NA,"Summer",47,12,0,968
"RB Leipzig","Bundesliga","Germany","2024","Arrivals","Assan Ouédraogo","https://www.transfermarkt.com/assan-ouedraogo/profil/spieler/897424","Central Midfield","18","Germany","FC Schalke 04","2. Bundesliga","Germany",1e+07,FALSE,NA,"Summer",7,5,0,70
"RB Leipzig","Bundesliga","Germany","2024","Arrivals","Arthur Vermeeren","https://www.transfermarkt.com/arthur-vermeeren/profil/spieler/926694","Defensive Midfield","19","Belgium","Atlético","LaLiga","Spain",3e+06,TRUE,NA,"Summer",44,39,0,2253
"RB Leipzig","Bundesliga","Germany","2024","Arrivals","Tim Köhler","https://www.transfermarkt.com/tim-kohler/profil/spieler/913429","Centre-Back","19","Germany","RB Leipzig U19","U19 Nachwuchsliga - Liga A","Germany",NA,FALSE,"-","Summer",NA,NA,NA,NA
"RB Leipzig","Bundesliga","Germany","2024","Arrivals","Yannick Eduardo","https://www.transfermarkt.com/yannick-eduardo/profil/spieler/930998","Centre-Forward","18","Czech Republic","RB Leipzig U19","U19 Nachwuchsliga - Liga A","Germany",NA,FALSE,"-","Summer",NA,NA,NA,NA
"RB Leipzig","Bundesliga","Germany","2024","Arrivals","Angeliño","https://www.transfermarkt.com/angelino/profil/spieler/277179","Left-Back","27","Spain","Roma","Serie A","Italy",NA,TRUE,"End of loan 30/06/2024","Summer",NA,NA,NA,NA
"RB Leipzig","Bundesliga","Germany","2024","Arrivals","André Silva","https://www.transfermarkt.com/andre-silva/profil/spieler/198008","Centre-Forward","28","Portugal","Real Sociedad","LaLiga","Spain",NA,TRUE,"End of loan 30/06/2024","Summer",26,15,1,306
"RB Leipzig","Bundesliga","Germany","2024","Arrivals","Ilaix Moriba","https://www.transfermarkt.com/ilaix-moriba/profil/spieler/617074","Central Midfield","21","Guinea","Getafe","LaLiga","Spain",NA,TRUE,"End of loan 30/06/2024","Summer",NA,NA,NA,NA
"RB Leipzig","Bundesliga","Germany","2024","Arrivals","Hugo Novoa","https://www.transfermarkt.com/hugo-novoa/profil/spieler/668276","Right-Back","21","Spain","Villarreal CF B","LaLiga2","Spain",NA,TRUE,"End of loan 30/06/2024","Summer",NA,NA,NA,NA
"RB Leipzig","Bundesliga","Germany","2024","Arrivals","Tim Schreiber","https://www.transfermarkt.com/tim-schreiber/profil/spieler/426685","Goalkeeper","22","Germany","Saarbrücken","3. Liga","Germany",NA,TRUE,"End of loan 30/06/2024","Summer",NA,NA,NA,NA
"RB Leipzig","Bundesliga","Germany","2024","Arrivals","Dennis Borkowski","https://www.transfermarkt.com/dennis-borkowski/profil/spieler/467426","Right Winger","22","Germany","Dynamo Dresden","3. Liga","Germany",NA,TRUE,"End of loan 30/06/2024","Summer",NA,NA,NA,NA
"RB Leipzig","Bundesliga","Germany","2024","Arrivals","Sanoussy Ba","https://www.transfermarkt.com/sanoussy-ba/profil/spieler/717346","Right-Back","20","Germany","LASK","Bundesliga","Austria",NA,TRUE,"End of loan 30/06/2024","Summer",NA,NA,NA,NA
"RB Leipzig","Bundesliga","Germany","2024","Arrivals","Fabrice Hartmann","https://www.transfermarkt.com/fabrice-hartmann/profil/spieler/405685","Right Winger","23","Germany","Sligo Rovers","Premier Division","Ireland",NA,TRUE,"End of loan 30/06/2024","Summer",NA,NA,NA,NA
"RB Leipzig","Bundesliga","Germany","2024","Arrivals","Xavi Simons","https://www.transfermarkt.com/xavi-simons/profil/spieler/566931","Attacking Midfield","21","Netherlands","PSG","Ligue 1","France",5e+07,FALSE,NA,"Winter",33,33,11,2763
"RB Leipzig","Bundesliga","Germany","2024","Arrivals","Ridle Baku","https://www.transfermarkt.com/ridle-baku/profil/spieler/327251","Right-Back","26","Germany","Wolfsburg","Bundesliga","Germany",4500000,FALSE,NA,"Winter",21,21,2,1448
"RB Leipzig","Bundesliga","Germany","2024","Arrivals","Tidiam Gomis","https://www.transfermarkt.com/tidiam-gomis/profil/spieler/955448","Left Winger","18","France","SM Caen","Ligue 2","France",1e+06,FALSE,NA,"Winter",16,9,0,158
"RB Leipzig","Bundesliga","Germany","2024","Arrivals","Kosta Nedeljkovic","https://www.transfermarkt.com/kosta-nedeljkovic/profil/spieler/848682","Right-Back","19","Serbia","Aston Villa","Premier League","England",NA,TRUE,"loan transfer","Winter",16,11,0,548
"RB Leipzig","Bundesliga","Germany","2024","Arrivals","Yannick Eduardo","https://www.transfermarkt.com/yannick-eduardo/profil/spieler/930998","Centre-Forward","18","Czech Republic","De Graafschap","Keuken Kampioen Divisie","Netherlands",NA,TRUE,"End of loan 31/12/2024","Winter",NA,NA,NA,NA
"Borussia Dortmund","Bundesliga","Germany","2024","Arrivals","Maximilian Beier","https://www.transfermarkt.com/maximilian-beier/profil/spieler/578392","Centre-Forward","21","Germany","Hoffenheim","Bundesliga","Germany",28500000,FALSE,NA,"Summer",50,46,10,2423
"Borussia Dortmund","Bundesliga","Germany","2024","Arrivals","Waldemar Anton","https://www.transfermarkt.com/waldemar-anton/profil/spieler/193004","Centre-Back","27","Germany","Stuttgart","Bundesliga","Germany",22500000,FALSE,NA,"Summer",47,42,3,3078
"Borussia Dortmund","Bundesliga","Germany","2024","Arrivals","Serhou Guirassy","https://www.transfermarkt.com/serhou-guirassy/profil/spieler/270541","Centre-Forward","28","Guinea","Stuttgart","Bundesliga","Germany",1.8e+07,FALSE,NA,"Summer",50,50,38,4244
"Borussia Dortmund","Bundesliga","Germany","2024","Arrivals","Pascal Groß","https://www.transfermarkt.com/pascal-gross/profil/spieler/82873","Central Midfield","33","Germany","Brighton","Premier League","England",7e+06,FALSE,NA,"Summer",50,50,1,3826
"Borussia Dortmund","Bundesliga","Germany","2024","Arrivals","Yan Couto","https://www.transfermarkt.com/yan-couto/profil/spieler/627228","Right-Back","22","Brazil","Man City","Premier League","England",5e+06,TRUE,NA,"Summer",47,35,0,1395
"Borussia Dortmund","Bundesliga","Germany","2024","Arrivals","Kjell Wätjen","https://www.transfermarkt.com/kjell-watjen/profil/spieler/884810","Central Midfield","18","Germany","B. Dortmund U19","U19 Nachwuchsliga - Liga A","Germany",NA,FALSE,"-","Summer",19,2,0,15
"Borussia Dortmund","Bundesliga","Germany","2024","Arrivals","Almugera Kabar","https://www.transfermarkt.com/almugera-kabar/profil/spieler/884820","Left-Back","18","Germany","B. Dortmund U19","U19 Nachwuchsliga - Liga A","Germany",NA,FALSE,"-","Summer",28,5,0,135
"Borussia Dortmund","Bundesliga","Germany","2024","Arrivals","Cole Campbell","https://www.transfermarkt.com/cole-campbell/profil/spieler/866579","Right Winger","18","United States","B. Dortmund U19","U19 Nachwuchsliga - Liga A","Germany",NA,FALSE,"-","Summer",25,6,0,75
"Borussia Dortmund","Bundesliga","Germany","2024","Arrivals","Giovanni Reyna","https://www.transfermarkt.com/giovanni-reyna/profil/spieler/504215","Attacking Midfield","21","United States","Nott'm Forest","Premier League","England",NA,TRUE,"End of loan 30/06/2024","Summer",42,26,2,627
"Borussia Dortmund","Bundesliga","Germany","2024","Arrivals","Tom Rothe","https://www.transfermarkt.com/tom-rothe/profil/spieler/798043","Left-Back","19","Germany","Holstein Kiel","2. Bundesliga","Germany",NA,TRUE,"End of loan 30/06/2024","Summer",NA,NA,NA,NA
"Borussia Dortmund","Bundesliga","Germany","2024","Arrivals","Soumaïla Coulibaly","https://www.transfermarkt.com/soumaila-coulibaly/profil/spieler/659513","Centre-Back","20","France","Royal Antwerp","Jupiler Pro League","Belgium",NA,TRUE,"End of loan 30/06/2024","Summer",4,0,0,0
"Borussia Dortmund","Bundesliga","Germany","2024","Arrivals","Diant Ramaj","https://www.transfermarkt.com/diant-ramaj/profil/spieler/448705","Goalkeeper","23","Germany","Ajax","Eredivisie","Netherlands",5e+06,FALSE,NA,"Winter",NA,NA,NA,NA
"Borussia Dortmund","Bundesliga","Germany","2024","Arrivals","Carney Chukwuemeka","https://www.transfermarkt.com/carney-chukwuemeka/profil/spieler/659459","Central Midfield","21","England","Chelsea","Premier League","England",2400000,TRUE,NA,"Winter",19,17,1,383
"Borussia Dortmund","Bundesliga","Germany","2024","Arrivals","Daniel Svensson","https://www.transfermarkt.com/daniel-svensson/profil/spieler/579287","Left Midfield","22","Sweden","Nordsjaelland","Superliga","Denmark",1800000,TRUE,NA,"Winter",22,21,2,1581
"Borussia Dortmund","Bundesliga","Germany","2024","Arrivals","Filippo Mane","https://www.transfermarkt.com/filippo-mane/profil/spieler/883007","Centre-Back","19","Italy","B. Dortmund II","3. Liga","Germany",NA,FALSE,"-","Winter",17,0,0,0
"Borussia Dortmund","Bundesliga","Germany","2024","Arrivals","Silas Ostrzinski","https://www.transfermarkt.com/silas-ostrzinski/profil/spieler/684116","Goalkeeper","21","Germany","B. Dortmund II","3. Liga","Germany",NA,FALSE,"-","Winter",4,0,0,0
"Borussia Dortmund","Bundesliga","Germany","2024","Arrivals","Salih Özcan","https://www.transfermarkt.com/salih-ozcan/profil/spieler/244940","Defensive Midfield","27","Türkiye","Wolfsburg","Bundesliga","Germany",NA,TRUE,"End of loan 28/01/2025","Winter",21,14,0,415
"Borussia Dortmund","Bundesliga","Germany","2024","Arrivals","Sébastien Haller","https://www.transfermarkt.com/sebastien-haller/profil/spieler/181375","Centre-Forward","30","Cote d'Ivoire","CD Leganés","LaLiga","Spain",NA,TRUE,"End of loan 09/01/2025","Winter",2,0,0,0
"Eintracht Frankfurt","Bundesliga","Germany","2024","Arrivals","Hugo Ekitiké","https://www.transfermarkt.com/hugo-ekitike/profil/spieler/709726","Centre-Forward","22","France","PSG","Ligue 1","France",31500000,FALSE,NA,"Summer",48,48,22,3644
"Eintracht Frankfurt","Bundesliga","Germany","2024","Arrivals","Can Uzun","https://www.transfermarkt.com/can-uzun/profil/spieler/816585","Attacking Midfield","18","Türkiye","1.FC Nuremberg","2. Bundesliga","Germany",1.1e+07,FALSE,NA,"Summer",48,31,5,1001
"Eintracht Frankfurt","Bundesliga","Germany","2024","Arrivals","Krisztián Lisztes","https://www.transfermarkt.com/krisztian-lisztes/profil/spieler/933217","Attacking Midfield","19","Hungary","Ferencváros","NB I.","Hungary",6e+06,FALSE,NA,"Summer",0,0,0,0
"Eintracht Frankfurt","Bundesliga","Germany","2024","Arrivals","Oscar Højlund","https://www.transfermarkt.com/oscar-hojlund/profil/spieler/846310","Central Midfield","19","Denmark","Copenhagen","Superliga","Denmark",1350000,FALSE,NA,"Summer",25,22,1,741
"Eintracht Frankfurt","Bundesliga","Germany","2024","Arrivals","Robin Koch","https://www.transfermarkt.com/robin-koch/profil/spieler/328784","Centre-Back","27","Germany","Leeds","Championship","England",0,FALSE,NA,"Summer",43,43,3,3735
"Eintracht Frankfurt","Bundesliga","Germany","2024","Arrivals","Mahmoud Dahoud","https://www.transfermarkt.com/mahmoud-dahoud/profil/spieler/191422","Central Midfield","28","Syria","Brighton","Premier League","England",0,FALSE,NA,"Summer",38,18,1,867
"Eintracht Frankfurt","Bundesliga","Germany","2024","Arrivals","Arthur Theate","https://www.transfermarkt.com/arthur-theate/profil/spieler/368891","Centre-Back","24","Belgium","Stade Rennais","Ligue 1","France",NA,TRUE,"loan transfer","Summer",43,42,0,3613
"Eintracht Frankfurt","Bundesliga","Germany","2024","Arrivals","Rasmus Kristensen","https://www.transfermarkt.com/rasmus-kristensen/profil/spieler/369684","Right-Back","27","Denmark","Leeds","Championship","England",NA,TRUE,"loan transfer","Summer",43,43,6,3547
"Eintracht Frankfurt","Bundesliga","Germany","2024","Arrivals","Aurèle Amenda","https://www.transfermarkt.com/aurele-amenda/profil/spieler/635645","Centre-Back","20","Switzerland","Young Boys","Super League","Switzerland",NA,TRUE,"End of loan 30/06/2024","Summer",34,13,0,201
"Eintracht Frankfurt","Bundesliga","Germany","2024","Arrivals","Kristijan Jakic","https://www.transfermarkt.com/kristijan-jakic/profil/spieler/374954","Defensive Midfield","27","Croatia","Augsburg","Bundesliga","Germany",NA,TRUE,"End of loan 30/06/2024","Summer",NA,NA,NA,NA
"Eintracht Frankfurt","Bundesliga","Germany","2024","Arrivals","Igor Matanovic","https://www.transfermarkt.com/igor-matanovic/profil/spieler/605268","Centre-Forward","21","Croatia","Karlsruher SC","2. Bundesliga","Germany",NA,TRUE,"End of loan 30/06/2024","Summer",33,25,2,673
"Eintracht Frankfurt","Bundesliga","Germany","2024","Arrivals","Paxten Aaronson","https://www.transfermarkt.com/paxten-aaronson/profil/spieler/795738","Attacking Midfield","20","United States","Vitesse","Eredivisie","Netherlands",NA,TRUE,"End of loan 30/06/2024","Summer",NA,NA,NA,NA
"Eintracht Frankfurt","Bundesliga","Germany","2024","Arrivals","Nathaniel Brown","https://www.transfermarkt.com/nathaniel-brown/profil/spieler/691892","Left-Back","21","Germany","1.FC Nuremberg","2. Bundesliga","Germany",NA,TRUE,"End of loan 30/06/2024","Summer",35,33,3,2382
"Eintracht Frankfurt","Bundesliga","Germany","2024","Arrivals","Faride Alidou","https://www.transfermarkt.com/faride-alidou/profil/spieler/456492","Left Winger","22","Germany","1.FC Köln","Bundesliga","Germany",NA,TRUE,"End of loan 30/06/2024","Summer",NA,NA,NA,NA
"Eintracht Frankfurt","Bundesliga","Germany","2024","Arrivals","Jessic Ngankam","https://www.transfermarkt.com/jessic-ngankam/profil/spieler/448177","Centre-Forward","23","Germany","Mainz","Bundesliga","Germany",NA,TRUE,"End of loan 30/06/2024","Summer",NA,NA,NA,NA
"Eintracht Frankfurt","Bundesliga","Germany","2024","Arrivals","Marcel Wenig","https://www.transfermarkt.com/marcel-wenig/profil/spieler/654872","Central Midfield","20","Germany","1.FC Nuremberg","2. Bundesliga","Germany",NA,TRUE,"End of loan 30/06/2024","Summer",NA,NA,NA,NA
"Eintracht Frankfurt","Bundesliga","Germany","2024","Arrivals","Antonio Foti","https://www.transfermarkt.com/antonio-foti/profil/spieler/615036","Attacking Midfield","20","Cyprus","Hannover 96","2. Bundesliga","Germany",NA,TRUE,"End of loan 30/06/2024","Summer",NA,NA,NA,NA
"Eintracht Frankfurt","Bundesliga","Germany","2024","Arrivals","Jérôme Onguéné","https://www.transfermarkt.com/jerome-onguene/profil/spieler/272638","Centre-Back","26","Cameroon","Servette FC","Super League","Switzerland",NA,TRUE,"End of loan 30/06/2024","Summer",NA,NA,NA,NA
"Eintracht Frankfurt","Bundesliga","Germany","2024","Arrivals","Elye Wahi","https://www.transfermarkt.com/elye-wahi/profil/spieler/659542","Centre-Forward","22","France","Marseille","Ligue 1","France",2.6e+07,FALSE,NA,"Winter",15,11,0,214
"Eintracht Frankfurt","Bundesliga","Germany","2024","Arrivals","Arthur Theate","https://www.transfermarkt.com/arthur-theate/profil/spieler/368891","Centre-Back","24","Belgium","Stade Rennais","Ligue 1","France",1.3e+07,FALSE,NA,"Winter",43,42,0,3613
"Eintracht Frankfurt","Bundesliga","Germany","2024","Arrivals","Michy Batshuayi","https://www.transfermarkt.com/michy-batshuayi/profil/spieler/179184","Centre-Forward","31","Belgium","Galatasaray","Süper Lig","Türkiye",3e+06,FALSE,NA,"Winter",18,11,3,312
"Eintracht Frankfurt","Bundesliga","Germany","2024","Arrivals","Jens Petter Hauge","https://www.transfermarkt.com/jens-petter-hauge/profil/spieler/422355","Left Winger","25","Norway","Bodø/Glimt","Eliteserien","Norway",NA,TRUE,"End of loan 31/12/2024","Winter",NA,NA,NA,NA
"Eintracht Frankfurt","Bundesliga","Germany","2024","Arrivals","Faride Alidou","https://www.transfermarkt.com/faride-alidou/profil/spieler/456492","Left Winger","23","Germany","Hellas Verona","Serie A","Italy",NA,TRUE,"End of loan 22/01/2025","Winter",NA,NA,NA,NA
"Eintracht Frankfurt","Bundesliga","Germany","2024","Arrivals","Simon Simoni","https://www.transfermarkt.com/simon-simoni/profil/spieler/726120","Goalkeeper","20","Albania","FC Ingolstadt","3. Liga","Germany",NA,TRUE,"End of loan 14/01/2025","Winter",NA,NA,NA,NA
"VfB Stuttgart","Bundesliga","Germany","2024","Arrivals","Deniz Undav","https://www.transfermarkt.com/deniz-undav/profil/spieler/339314","Centre-Forward","28","Germany","Brighton","Premier League","England",26700000,FALSE,NA,"Summer",39,38,13,2415
"VfB Stuttgart","Bundesliga","Germany","2024","Arrivals","Ermedin Demirovic","https://www.transfermarkt.com/ermedin-demirovic/profil/spieler/335457","Centre-Forward","26","Bosnia-Herzegovina","Augsburg","Bundesliga","Germany",2.3e+07,FALSE,NA,"Summer",49,49,17,2732
"VfB Stuttgart","Bundesliga","Germany","2024","Arrivals","Ameen Al-Dakhil","https://www.transfermarkt.com/ameen-al-dakhil/profil/spieler/620598","Centre-Back","22","Belgium","Burnley","Championship","England",9e+06,FALSE,NA,"Summer",21,11,0,619
"VfB Stuttgart","Bundesliga","Germany","2024","Arrivals","Jamie Leweling","https://www.transfermarkt.com/jamie-leweling/profil/spieler/518505","Right Winger","23","Germany","Union Berlin","Bundesliga","Germany",5e+06,FALSE,NA,"Summer",38,37,5,2290
"VfB Stuttgart","Bundesliga","Germany","2024","Arrivals","Jeff Chabot","https://www.transfermarkt.com/jeff-chabot/profil/spieler/303219","Centre-Back","26","Germany","1.FC Köln","2. Bundesliga","Germany",4e+06,FALSE,NA,"Summer",45,45,3,3365
"VfB Stuttgart","Bundesliga","Germany","2024","Arrivals","Anthony Rouault","https://www.transfermarkt.com/anthony-rouault/profil/spieler/690799","Centre-Back","23","France","Toulouse","Ligue 1","France",3e+06,FALSE,NA,"Summer",28,28,1,2103
"VfB Stuttgart","Bundesliga","Germany","2024","Arrivals","Leonidas Stergiou","https://www.transfermarkt.com/leonidas-stergiou/profil/spieler/507345","Right-Back","22","Switzerland","FC St. Gallen","Super League","Switzerland",2e+06,FALSE,NA,"Summer",24,18,1,1013
"VfB Stuttgart","Bundesliga","Germany","2024","Arrivals","Ramon Hendriks","https://www.transfermarkt.com/ramon-hendriks/profil/spieler/436064","Centre-Back","22","Netherlands","Feyenoord","Eredivisie","Netherlands",1e+06,FALSE,NA,"Summer",39,30,0,1446
"VfB Stuttgart","Bundesliga","Germany","2024","Arrivals","El Bilal Touré","https://www.transfermarkt.com/el-bilal-toure/profil/spieler/649016","Centre-Forward","22","Mali","Atalanta","Serie A","Italy",NA,TRUE,"Loan fee:€950k","Summer",19,17,3,487
"VfB Stuttgart","Bundesliga","Germany","2024","Arrivals","Fabian Rieder","https://www.transfermarkt.com/fabian-rieder/profil/spieler/507341","Attacking Midfield","22","Switzerland","Stade Rennais","Ligue 1","France",NA,TRUE,"Loan fee:€800k","Summer",46,33,2,1354
"VfB Stuttgart","Bundesliga","Germany","2024","Arrivals","Frans Krätzig","https://www.transfermarkt.com/frans-kratzig/profil/spieler/604320","Left-Back","21","Germany","Bayern Munich","Bundesliga","Germany",NA,TRUE,"Loan fee:€500k","Summer",14,4,0,188
"VfB Stuttgart","Bundesliga","Germany","2024","Arrivals","Yannik Keitel","https://www.transfermarkt.com/yannik-keitel/profil/spieler/342039","Defensive Midfield","24","Germany","Freiburg","Bundesliga","Germany",0,FALSE,NA,"Summer",43,18,1,526
"VfB Stuttgart","Bundesliga","Germany","2024","Arrivals","Nick Woltemade","https://www.transfermarkt.com/nick-woltemade/profil/spieler/455661","Centre-Forward","22","Germany","Werder Bremen","Bundesliga","Germany",0,FALSE,NA,"Summer",39,33,17,2039
"VfB Stuttgart","Bundesliga","Germany","2024","Arrivals","Justin Diehl","https://www.transfermarkt.com/justin-diehl/profil/spieler/720162","Left Winger","19","Germany","1.FC Köln","2. Bundesliga","Germany",0,FALSE,NA,"Summer",12,9,1,156
"VfB Stuttgart","Bundesliga","Germany","2024","Arrivals","Stefan Drljaca","https://www.transfermarkt.com/stefan-drljaca/profil/spieler/388067","Goalkeeper","25","Germany","Dynamo Dresden","3. Liga","Germany",0,FALSE,NA,"Summer",1,0,0,0
"VfB Stuttgart","Bundesliga","Germany","2024","Arrivals","Luca Raimund","https://www.transfermarkt.com/luca-raimund/profil/spieler/907489","Right Winger","19","Germany","Stuttgart U19","U19 Nachwuchsliga - Liga A","Germany",NA,FALSE,"-","Summer",2,0,0,0
"VfB Stuttgart","Bundesliga","Germany","2024","Arrivals","Anrie Chase","https://www.transfermarkt.com/anrie-chase/profil/spieler/948537","Centre-Back","20","Japan","Stuttgart II","3. Liga","Germany",NA,FALSE,"-","Summer",26,20,1,1145
"VfB Stuttgart","Bundesliga","Germany","2024","Arrivals","Matej Maglica","https://www.transfermarkt.com/matej-maglica/profil/spieler/433388","Centre-Back","25","Croatia","Darmstadt 98","Bundesliga","Germany",NA,TRUE,"End of loan 30/06/2024","Summer",NA,NA,NA,NA
"VfB Stuttgart","Bundesliga","Germany","2024","Arrivals","Wahid Faghir","https://www.transfermarkt.com/wahid-faghir/profil/spieler/610431","Centre-Forward","20","Denmark","SV Elversberg","2. Bundesliga","Germany",NA,TRUE,"End of loan 30/06/2024","Summer",0,0,0,0
"VfB Stuttgart","Bundesliga","Germany","2024","Arrivals","Luca Pfeiffer","https://www.transfermarkt.com/luca-pfeiffer/profil/spieler/232463","Centre-Forward","27","Germany","Darmstadt 98","Bundesliga","Germany",NA,TRUE,"End of loan 30/06/2024","Summer",NA,NA,NA,NA
"VfB Stuttgart","Bundesliga","Germany","2024","Arrivals","Gil Dias","https://www.transfermarkt.com/gil-dias/profil/spieler/329723","Right Winger","27","Portugal","Legia Warszawa","Ekstraklasa","Poland",NA,TRUE,"End of loan 30/06/2024","Summer",NA,NA,NA,NA
"VfB Stuttgart","Bundesliga","Germany","2024","Arrivals","Juan José Perea","https://www.transfermarkt.com/juan-jose-perea/profil/spieler/496767","Centre-Forward","24","Colombia","Hansa Rostock","2. Bundesliga","Germany",NA,TRUE,"End of loan 30/06/2024","Summer",NA,NA,NA,NA
"VfB Stuttgart","Bundesliga","Germany","2024","Arrivals","Mohamed Sankoh","https://www.transfermarkt.com/mohamed-sankoh/profil/spieler/572919","Centre-Forward","20","Netherlands","Heracles Almelo","Eredivisie","Netherlands",NA,TRUE,"End of loan 30/06/2024","Summer",NA,NA,NA,NA
"VfB Stuttgart","Bundesliga","Germany","2024","Arrivals","Ömer Beyaz","https://www.transfermarkt.com/omer-beyaz/profil/spieler/588020","Attacking Midfield","20","Türkiye","Hatayspor","Süper Lig","Türkiye",NA,TRUE,"End of loan 30/06/2024","Summer",NA,NA,NA,NA
"VfB Stuttgart","Bundesliga","Germany","2024","Arrivals","Thomas Kastanaras","https://www.transfermarkt.com/thomas-kastanaras/profil/spieler/675565","Centre-Forward","21","Germany","SSV Ulm 1846","3. Liga","Germany",NA,TRUE,"End of loan 30/06/2024","Summer",2,0,0,0
"VfB Stuttgart","Bundesliga","Germany","2024","Arrivals","Finn Jeltsch","https://www.transfermarkt.com/finn-jeltsch/profil/spieler/924117","Centre-Back","18","Germany","1.FC Nuremberg","2. Bundesliga","Germany",9500000,FALSE,NA,"Winter",16,14,0,882
"VfB Stuttgart","Bundesliga","Germany","2024","Arrivals","Luca Jaquez","https://www.transfermarkt.com/luca-jaquez/profil/spieler/539798","Centre-Back","21","Switzerland","FC Luzern","Super League","Switzerland",6500000,FALSE,NA,"Winter",16,6,0,342
"VfB Stuttgart","Bundesliga","Germany","2024","Arrivals","Jacob Bruun Larsen","https://www.transfermarkt.com/jacob-bruun-larsen/profil/spieler/293281","Left Winger","26","Denmark","Hoffenheim","Bundesliga","Germany",1700000,FALSE,NA,"Winter",19,16,1,477
"VfB Stuttgart","Bundesliga","Germany","2024","Arrivals","Jovan Milosevic","https://www.transfermarkt.com/jovan-milosevic/profil/spieler/943795","Centre-Forward","19","Serbia","FC St. Gallen","Super League","Switzerland",NA,TRUE,"End of loan 16/01/2025","Winter",NA,NA,NA,NA
"VfB Stuttgart","Bundesliga","Germany","2024","Arrivals","Mohamed Sankoh","https://www.transfermarkt.com/mohamed-sankoh/profil/spieler/572919","Centre-Forward","21","Netherlands","Cosenza","Serie B","Italy",NA,TRUE,"End of loan 02/01/2025","Winter",NA,NA,NA,NA
"VfB Stuttgart","Bundesliga","Germany","2024","Arrivals","Laurin Ulrich","https://www.transfermarkt.com/laurin-ulrich/profil/spieler/717465","Attacking Midfield","19","Germany","SSV Ulm 1846","2. Bundesliga","Germany",NA,TRUE,"End of loan 31/12/2024","Winter",NA,NA,NA,NA
"VfL Wolfsburg","Bundesliga","Germany","2024","Arrivals","Kamil Grabara","https://www.transfermarkt.com/kamil-grabara/profil/spieler/346551","Goalkeeper","25","Poland","Copenhagen","Superliga","Denmark",13500000,FALSE,NA,"Summer",32,32,0,2886
"VfL Wolfsburg","Bundesliga","Germany","2024","Arrivals","Konstantinos Koulierakis","https://www.transfermarkt.com/konstantinos-koulierakis/profil/spieler/669380","Centre-Back","20","Greece","PAOK","Super League 1","Greece",11750000,FALSE,NA,"Summer",34,33,0,2770
"VfL Wolfsburg","Bundesliga","Germany","2024","Arrivals","Mohamed Amoura","https://www.transfermarkt.com/mohamed-amoura/profil/spieler/746910","Centre-Forward","24","Algeria","Union SG","Jupiler Pro League","Belgium",3e+06,TRUE,NA,"Summer",34,34,10,2730
"VfL Wolfsburg","Bundesliga","Germany","2024","Arrivals","Marius Müller","https://www.transfermarkt.com/marius-muller/profil/spieler/118161","Goalkeeper","30","Germany","FC Schalke 04","2. Bundesliga","Germany",1500000,FALSE,NA,"Summer",34,7,0,564
"VfL Wolfsburg","Bundesliga","Germany","2024","Arrivals","Denis Vavro","https://www.transfermarkt.com/denis-vavro/profil/spieler/239962","Centre-Back","28","Slovakia","Copenhagen","Superliga","Denmark",NA,TRUE,"Loan fee:€750k","Summer",34,32,3,2762
"VfL Wolfsburg","Bundesliga","Germany","2024","Arrivals","Bence Dárdai","https://www.transfermarkt.com/bence-dardai/profil/spieler/789252","Attacking Midfield","18","Hungary","Hertha BSC","2. Bundesliga","Germany",0,FALSE,NA,"Summer",38,25,1,1540
"VfL Wolfsburg","Bundesliga","Germany","2024","Arrivals","Mathys Angély","https://www.transfermarkt.com/mathys-angely/profil/spieler/1075579","Centre-Back","17","France","Bordeaux U19",NA,"France",0,FALSE,NA,"Summer",4,0,0,0
"VfL Wolfsburg","Bundesliga","Germany","2024","Arrivals","Salih Özcan","https://www.transfermarkt.com/salih-ozcan/profil/spieler/244940","Defensive Midfield","26","Türkiye","Dortmund","Bundesliga","Germany",NA,TRUE,"loan transfer","Summer",20,12,0,376
"VfL Wolfsburg","Bundesliga","Germany","2024","Arrivals","Kofi Amoako","https://www.transfermarkt.com/kofi-amoako/profil/spieler/814950","Defensive Midfield","19","Germany","Wolfsburg U19","U19 Nachwuchsliga - Liga A","Germany",NA,FALSE,"-","Summer",NA,NA,NA,NA
"VfL Wolfsburg","Bundesliga","Germany","2024","Arrivals","Manuel Braun","https://www.transfermarkt.com/manuel-braun/profil/spieler/820276","Left-Back","19","Germany","Wolfsburg U19","U19 Nachwuchsliga - Liga A","Germany",NA,FALSE,"-","Summer",NA,NA,NA,NA
"VfL Wolfsburg","Bundesliga","Germany","2024","Arrivals","David Odogu","https://www.transfermarkt.com/david-odogu/profil/spieler/897423","Centre-Back","18","Germany","Wolfsburg U19","U19 Nachwuchsliga - Liga A","Germany",NA,FALSE,"-","Summer",19,3,0,194
"VfL Wolfsburg","Bundesliga","Germany","2024","Arrivals","Nicolas Cozza","https://www.transfermarkt.com/nicolas-cozza/profil/spieler/485965","Left-Back","25","France","FC Nantes","Ligue 1","France",NA,TRUE,"End of loan 30/06/2024","Summer",2,0,0,0
"VfL Wolfsburg","Bundesliga","Germany","2024","Arrivals","Luca Waldschmidt","https://www.transfermarkt.com/luca-waldschmidt/profil/spieler/196095","Centre-Forward","28","Germany","1.FC Köln","Bundesliga","Germany",NA,TRUE,"End of loan 30/06/2024","Summer",NA,NA,NA,NA
"VfL Wolfsburg","Bundesliga","Germany","2024","Arrivals","Maximilian Philipp","https://www.transfermarkt.com/maximilian-philipp/profil/spieler/143891","Second Striker","30","Germany","Freiburg","Bundesliga","Germany",NA,TRUE,"End of loan 30/06/2024","Summer",NA,NA,NA,NA
"VfL Wolfsburg","Bundesliga","Germany","2024","Arrivals","Bartol Franjic","https://www.transfermarkt.com/bartol-franjic/profil/spieler/370998","Left-Back","24","Croatia","Darmstadt 98","Bundesliga","Germany",NA,TRUE,"End of loan 30/06/2024","Summer",NA,NA,NA,NA
"VfL Wolfsburg","Bundesliga","Germany","2024","Arrivals","Bartosz Bialek","https://www.transfermarkt.com/bartosz-bialek/profil/spieler/535551","Centre-Forward","22","Poland","KAS Eupen","Jupiler Pro League","Belgium",NA,TRUE,"End of loan 30/06/2024","Summer",1,0,0,0
"VfL Wolfsburg","Bundesliga","Germany","2024","Arrivals","Lukas Ambros","https://www.transfermarkt.com/lukas-ambros/profil/spieler/671548","Attacking Midfield","20","Czech Republic","SC Freiburg II","3. Liga","Germany",NA,TRUE,"End of loan 30/06/2024","Summer",NA,NA,NA,NA
"VfL Wolfsburg","Bundesliga","Germany","2024","Arrivals","Philipp Schulze","https://www.transfermarkt.com/philipp-schulze/profil/spieler/574203","Goalkeeper","21","Germany","Hallescher FC","3. Liga","Germany",NA,TRUE,"End of loan 30/06/2024","Summer",NA,NA,NA,NA
"VfL Wolfsburg","Bundesliga","Germany","2024","Arrivals","Felix Lange","https://www.transfermarkt.com/felix-lange/profil/spieler/798773","Centre-Back","20","Germany","SV Rödinghausen","Regionalliga West","Germany",NA,TRUE,"End of loan 30/06/2024","Summer",NA,NA,NA,NA
"VfL Wolfsburg","Bundesliga","Germany","2024","Arrivals","Andreas Skov Olsen","https://www.transfermarkt.com/andreas-skov-olsen/profil/spieler/432982","Right Winger","25","Denmark","Club Brugge","Jupiler Pro League","Belgium",1.4e+07,FALSE,NA,"Winter",17,13,1,603
"VfL Wolfsburg","Bundesliga","Germany","2024","Arrivals","Mads Roerslev","https://www.transfermarkt.com/mads-roerslev/profil/spieler/391005","Right-Back","25","Denmark","Brentford","Premier League","England",NA,TRUE,"loan transfer","Winter",12,7,0,296
"VfL Wolfsburg","Bundesliga","Germany","2024","Arrivals","Eryk Grzywacz","https://www.transfermarkt.com/eryk-grzywacz/profil/spieler/959294","Defensive Midfield","18","Poland","Wolfsburg U19","U19 Nachwuchsliga - Liga A","Germany",NA,FALSE,"-","Winter",NA,NA,NA,NA
"VfL Wolfsburg","Bundesliga","Germany","2024","Arrivals","Bartol Franjic","https://www.transfermarkt.com/bartol-franjic/profil/spieler/370998","Left-Back","24","Croatia","Shakhtar D.","Premier Liga","Ukraine",NA,TRUE,"End of loan 03/01/2025","Winter",NA,NA,NA,NA
"Borussia Mönchengladbach","Bundesliga","Germany","2024","Arrivals","Tim Kleindienst","https://www.transfermarkt.com/tim-kleindienst/profil/spieler/193033","Centre-Forward","28","Germany","Heidenheim","Bundesliga","Germany",7e+06,FALSE,NA,"Summer",33,33,16,2925
"Borussia Mönchengladbach","Bundesliga","Germany","2024","Arrivals","Philipp Sander","https://www.transfermarkt.com/philipp-sander/profil/spieler/388409","Central Midfield","26","Germany","Holstein Kiel","Bundesliga","Germany",1e+06,FALSE,NA,"Summer",30,29,1,1497
"Borussia Mönchengladbach","Bundesliga","Germany","2024","Arrivals","Kevin Stöger","https://www.transfermarkt.com/kevin-stoger/profil/spieler/106872","Attacking Midfield","30","Austria","VfL Bochum","Bundesliga","Germany",0,FALSE,NA,"Summer",36,33,3,1720
"Borussia Mönchengladbach","Bundesliga","Germany","2024","Arrivals","Charles Herrmann","https://www.transfermarkt.com/charles-herrmann/profil/spieler/884822","Right Winger","18","Germany","B. Dortmund U19","U19 Nachwuchsliga - Liga A","Germany",0,FALSE,NA,"Summer",2,0,0,0
"Borussia Mönchengladbach","Bundesliga","Germany","2024","Arrivals","Yvandro Borges Sanches","https://www.transfermarkt.com/yvandro-borges-sanches/profil/spieler/586659","Left Winger","20","Luxembourg","NEC Nijmegen","Eredivisie","Netherlands",NA,TRUE,"End of loan 30/06/2024","Summer",0,0,0,0
"Borussia Mönchengladbach","Bundesliga","Germany","2024","Arrivals","Jonas Kersken","https://www.transfermarkt.com/jonas-kersken/profil/spieler/597804","Goalkeeper","23","Germany","Arm. Bielefeld","3. Liga","Germany",NA,TRUE,"End of loan 30/06/2024","Summer",NA,NA,NA,NA
"Borussia Mönchengladbach","Bundesliga","Germany","2024","Arrivals","Tiago Pereira Cardoso","https://www.transfermarkt.com/tiago-pereira-cardoso/profil/spieler/926301","Goalkeeper","18","Luxembourg","M'gladbach U19","U19 Nachwuchsliga - Liga A","Germany",NA,FALSE,"-","Winter",11,5,0,379
"Borussia Mönchengladbach","Bundesliga","Germany","2024","Arrivals","Niklas Swider","https://www.transfermarkt.com/niklas-swider/profil/spieler/1009463","Defensive Midfield","17","Germany","M'gladbach U19","U19 Nachwuchsliga - Liga A","Germany",NA,FALSE,"-","Winter",4,0,0,0
"TSG 1899 Hoffenheim","Bundesliga","Germany","2024","Arrivals","Adam Hlozek","https://www.transfermarkt.com/adam-hlozek/profil/spieler/552057","Second Striker","22","Czech Republic","Leverkusen","Bundesliga","Germany",1.8e+07,FALSE,NA,"Summer",37,37,11,2537
"TSG 1899 Hoffenheim","Bundesliga","Germany","2024","Arrivals","Alexander Prass","https://www.transfermarkt.com/alexander-prass/profil/spieler/434116","Left-Back","23","Austria","Sturm Graz","Bundesliga","Austria",1.2e+07,FALSE,NA,"Summer",35,31,0,2024
"TSG 1899 Hoffenheim","Bundesliga","Germany","2024","Arrivals","Valentin Gendrey","https://www.transfermarkt.com/valentin-gendrey/profil/spieler/569387","Right-Back","24","France","Lecce","Serie A","Italy",8500000,FALSE,NA,"Summer",33,28,2,1898
"TSG 1899 Hoffenheim","Bundesliga","Germany","2024","Arrivals","Robin Hranac","https://www.transfermarkt.com/robin-hranac/profil/spieler/620217","Centre-Back","24","Czech Republic","Viktoria Plzeň","Chance Liga","Czech Republic",8e+06,FALSE,NA,"Summer",26,5,0,309
"TSG 1899 Hoffenheim","Bundesliga","Germany","2024","Arrivals","Arthur Chaves","https://www.transfermarkt.com/arthur-chaves/profil/spieler/875332","Centre-Back","23","Brazil","Académico Viseu","Liga Portugal 2","Portugal",6e+06,FALSE,NA,"Summer",38,34,2,2790
"TSG 1899 Hoffenheim","Bundesliga","Germany","2024","Arrivals","Erencan Yardımcı","https://www.transfermarkt.com/erencan-yardimci/profil/spieler/618898","Centre-Forward","22","Türkiye","Eyüpspor","Süper Lig","Türkiye",4e+06,FALSE,NA,"Summer",13,8,0,311
"TSG 1899 Hoffenheim","Bundesliga","Germany","2024","Arrivals","Haris Tabakovic","https://www.transfermarkt.com/haris-tabakovic/profil/spieler/203123","Centre-Forward","30","Bosnia-Herzegovina","Hertha BSC","2. Bundesliga","Germany",3e+06,FALSE,NA,"Summer",38,29,4,1049
"TSG 1899 Hoffenheim","Bundesliga","Germany","2024","Arrivals","Tim Drexler","https://www.transfermarkt.com/tim-drexler/profil/spieler/822958","Centre-Back","19","Germany","Hoffenheim II","Regionalliga Südwest","Germany",NA,FALSE,"-","Summer",19,13,0,510
"TSG 1899 Hoffenheim","Bundesliga","Germany","2024","Arrivals","Christopher Lenz","https://www.transfermarkt.com/christopher-lenz/profil/spieler/159844","Left-Back","29","Germany","Without Club",NA,NA,NA,FALSE,"-","Summer",2,0,0,0
"TSG 1899 Hoffenheim","Bundesliga","Germany","2024","Arrivals","Lúkas Petersson","https://www.transfermarkt.com/lukas-petersson/profil/spieler/718460","Goalkeeper","20","Iceland","Hoffenheim II","Regionalliga Südwest","Germany",NA,FALSE,"-","Summer",2,0,0,0
"TSG 1899 Hoffenheim","Bundesliga","Germany","2024","Arrivals","Florian Micheler","https://www.transfermarkt.com/florian-micheler/profil/spieler/808664","Attacking Midfield","19","Austria","Hoffenheim U19","U19 Nachwuchsliga - Liga A","Germany",NA,FALSE,"-","Summer",9,4,0,96
"TSG 1899 Hoffenheim","Bundesliga","Germany","2024","Arrivals","Jacob Bruun Larsen","https://www.transfermarkt.com/jacob-bruun-larsen/profil/spieler/293281","Left Winger","25","Denmark","Burnley","Premier League","England",NA,TRUE,"End of loan 30/06/2024","Summer",24,19,2,772
"TSG 1899 Hoffenheim","Bundesliga","Germany","2024","Arrivals","Attila Szalai","https://www.transfermarkt.com/attila-szalai/profil/spieler/263380","Centre-Back","26","Hungary","Freiburg","Bundesliga","Germany",NA,TRUE,"End of loan 30/06/2024","Summer",2,0,0,0
"TSG 1899 Hoffenheim","Bundesliga","Germany","2024","Arrivals","Diadié Samassékou","https://www.transfermarkt.com/diadie-samassekou/profil/spieler/315604","Defensive Midfield","28","Mali","Cádiz CF","LaLiga","Spain",NA,TRUE,"End of loan 30/06/2024","Summer",21,10,0,462
"TSG 1899 Hoffenheim","Bundesliga","Germany","2024","Arrivals","Julian Justvan","https://www.transfermarkt.com/julian-justvan/profil/spieler/324861","Attacking Midfield","26","Germany","Darmstadt 98","Bundesliga","Germany",NA,TRUE,"End of loan 30/06/2024","Summer",1,1,0,16
"TSG 1899 Hoffenheim","Bundesliga","Germany","2024","Arrivals","Fisnik Asllani","https://www.transfermarkt.com/fisnik-asllani/profil/spieler/524290","Centre-Forward","21","Kosovo","Austria Vienna","Bundesliga","Austria",NA,TRUE,"End of loan 30/06/2024","Summer",NA,NA,NA,NA
"TSG 1899 Hoffenheim","Bundesliga","Germany","2024","Arrivals","Muhammed Damar","https://www.transfermarkt.com/muhammed-damar/profil/spieler/789898","Attacking Midfield","20","Germany","Hannover 96","2. Bundesliga","Germany",NA,TRUE,"End of loan 30/06/2024","Summer",NA,NA,NA,NA
"TSG 1899 Hoffenheim","Bundesliga","Germany","2024","Arrivals","Bazoumana Touré","https://www.transfermarkt.com/bazoumana-toure/profil/spieler/1067904","Left Winger","18","Cote d'Ivoire","Hammarby","Allsvenskan","Sweden",1e+07,FALSE,NA,"Winter",14,13,0,609
"TSG 1899 Hoffenheim","Bundesliga","Germany","2024","Arrivals","Gift Orban","https://www.transfermarkt.com/gift-orban/profil/spieler/1018259","Centre-Forward","22","Nigeria","Lyon","Ligue 1","France",9e+06,FALSE,NA,"Winter",17,13,4,690
"TSG 1899 Hoffenheim","Bundesliga","Germany","2024","Arrivals","Leo Østigård","https://www.transfermarkt.com/leo-ostigard/profil/spieler/367284","Centre-Back","25","Norway","Stade Rennais","Ligue 1","France",NA,TRUE,"loan transfer","Winter",11,11,0,928
"TSG 1899 Hoffenheim","Bundesliga","Germany","2024","Arrivals","Jakob Busk","https://www.transfermarkt.com/jakob-busk/profil/spieler/203411","Goalkeeper","31","Denmark","Sönderjyske","Superliga","Denmark",NA,TRUE,"loan transfer","Winter",4,0,0,0
"TSG 1899 Hoffenheim","Bundesliga","Germany","2024","Arrivals","David Mokwa","https://www.transfermarkt.com/david-mokwa/profil/spieler/974894","Centre-Forward","20","France","Hoffenheim II","Regionalliga Südwest","Germany",NA,FALSE,"-","Winter",7,4,2,122
"TSG 1899 Hoffenheim","Bundesliga","Germany","2024","Arrivals","Erencan Yardımcı","https://www.transfermarkt.com/erencan-yardimci/profil/spieler/618898","Centre-Forward","22","Türkiye","Sturm Graz","Bundesliga","Austria",NA,TRUE,"End of loan 02/01/2025","Winter",13,8,0,311
"TSG 1899 Hoffenheim","Bundesliga","Germany","2024","Arrivals","Joshua Quarshie","https://www.transfermarkt.com/joshua-quarshie/profil/spieler/790918","Centre-Back","20","Germany","F. Düsseldorf","2. Bundesliga","Germany",NA,TRUE,"End of loan 27/01/2025","Winter",NA,NA,NA,NA
"SC Freiburg","Bundesliga","Germany","2024","Arrivals","Eren Dinkçi","https://www.transfermarkt.com/eren-dinkci/profil/spieler/645774","Right Winger","22","Türkiye","Werder Bremen","Bundesliga","Germany",5e+06,FALSE,NA,"Summer",26,24,0,1284
"SC Freiburg","Bundesliga","Germany","2024","Arrivals","Patrick Osterhage","https://www.transfermarkt.com/patrick-osterhage/profil/spieler/443331","Defensive Midfield","24","Germany","VfL Bochum","Bundesliga","Germany",4800000,FALSE,NA,"Summer",34,33,1,2521
"SC Freiburg","Bundesliga","Germany","2024","Arrivals","Maximilian Philipp","https://www.transfermarkt.com/maximilian-philipp/profil/spieler/143891","Second Striker","30","Germany","Wolfsburg","Bundesliga","Germany",1e+06,FALSE,NA,"Summer",17,3,0,93
"SC Freiburg","Bundesliga","Germany","2024","Arrivals","Jannik Huth","https://www.transfermarkt.com/jannik-huth/profil/spieler/160954","Goalkeeper","30","Germany","SC Paderborn","2. Bundesliga","Germany",0,FALSE,NA,"Summer",13,0,0,0
"SC Freiburg","Bundesliga","Germany","2024","Arrivals","Berkay Yilmaz","https://www.transfermarkt.com/berkay-yilmaz/profil/spieler/907087","Left-Back","19","Türkiye","SC Freiburg II","Regionalliga Südwest","Germany",NA,FALSE,"-","Summer",NA,NA,NA,NA
"SC Freiburg","Bundesliga","Germany","2024","Arrivals","Johan Manzambi","https://www.transfermarkt.com/johan-manzambi/profil/spieler/927353","Central Midfield","18","Switzerland","SC Freiburg II","Regionalliga Südwest","Germany",NA,FALSE,"-","Summer",20,11,2,333
"SC Freiburg","Bundesliga","Germany","2024","Arrivals","Bruno Ogbus","https://www.transfermarkt.com/bruno-ogbus/profil/spieler/863759","Centre-Back","18","Switzerland","SC Freiburg II","Regionalliga Südwest","Germany",NA,FALSE,"-","Summer",9,3,0,87
"SC Freiburg","Bundesliga","Germany","2024","Arrivals","Keven Schlotterbeck","https://www.transfermarkt.com/keven-schlotterbeck/profil/spieler/413843","Centre-Back","27","Germany","VfL Bochum","Bundesliga","Germany",NA,TRUE,"End of loan 30/06/2024","Summer",NA,NA,NA,NA
"SC Freiburg","Bundesliga","Germany","2024","Arrivals","Hugo Siquet","https://www.transfermarkt.com/hugo-siquet/profil/spieler/578680","Right-Back","21","Belgium","Cercle Brugge","Jupiler Pro League","Belgium",NA,TRUE,"End of loan 30/06/2024","Summer",NA,NA,NA,NA
"SC Freiburg","Bundesliga","Germany","2024","Arrivals","Robert Wagner","https://www.transfermarkt.com/robert-wagner/profil/spieler/690429","Central Midfield","20","Germany","Greuther Fürth","2. Bundesliga","Germany",NA,TRUE,"End of loan 30/06/2024","Summer",NA,NA,NA,NA
"SC Freiburg","Bundesliga","Germany","2024","Arrivals","Kimberly Ezekwem","https://www.transfermarkt.com/kimberly-ezekwem/profil/spieler/453865","Left-Back","23","Germany","SC Paderborn","2. Bundesliga","Germany",NA,TRUE,"End of loan 30/06/2024","Summer",NA,NA,NA,NA
"SC Freiburg","Bundesliga","Germany","2024","Arrivals","Niklas Beste","https://www.transfermarkt.com/niklas-beste/profil/spieler/342967","Right Winger","26","Germany","Benfica","Liga Portugal","Portugal",8e+06,FALSE,NA,"Winter",13,12,0,200
"1.FSV Mainz 05","Bundesliga","Germany","2024","Arrivals","Hyun-seok Hong","https://www.transfermarkt.com/hyun-seok-hong/profil/spieler/562948","Attacking Midfield","25","Korea, South","KAA Gent","Jupiler Pro League","Belgium",4e+06,FALSE,NA,"Summer",33,23,0,519
"1.FSV Mainz 05","Bundesliga","Germany","2024","Arrivals","Kaishu Sano","https://www.transfermarkt.com/kaishu-sano/profil/spieler/643574","Defensive Midfield","23","Japan","Kashima Antlers","J1 League","Japan",2500000,FALSE,NA,"Summer",36,36,0,3254
"1.FSV Mainz 05","Bundesliga","Germany","2024","Arrivals","Armindo Sieb","https://www.transfermarkt.com/armindo-sieb/profil/spieler/569033","Second Striker","21","Germany","Bayern Munich","Bundesliga","Germany",1e+06,TRUE,NA,"Summer",36,29,2,882
"1.FSV Mainz 05","Bundesliga","Germany","2024","Arrivals","Nikolas Veratschnig","https://www.transfermarkt.com/nikolas-veratschnig/profil/spieler/601143","Right-Back","21","Austria","Wolfsberger AC","Bundesliga","Austria",NA,FALSE,"€800k","Summer",28,16,0,397
"1.FSV Mainz 05","Bundesliga","Germany","2024","Arrivals","Gabriel Vidovic","https://www.transfermarkt.com/gabriel-vidovic/profil/spieler/604327","Left Winger","20","Croatia","Bayern Munich","Bundesliga","Germany",NA,TRUE,"Loan fee:€500k","Summer",4,2,0,48
"1.FSV Mainz 05","Bundesliga","Germany","2024","Arrivals","Moritz Jenz","https://www.transfermarkt.com/moritz-jenz/profil/spieler/460245","Centre-Back","25","Germany","Wolfsburg","Bundesliga","Germany",NA,TRUE,"Loan fee:€250k","Summer",24,20,0,1646
"1.FSV Mainz 05","Bundesliga","Germany","2024","Arrivals","Paul Nebel","https://www.transfermarkt.com/paul-nebel/profil/spieler/503160","Attacking Midfield","21","Germany","Karlsruher SC","2. Bundesliga","Germany",NA,TRUE,"End of loan 30/06/2024","Summer",35,33,10,2491
"1.FSV Mainz 05","Bundesliga","Germany","2024","Arrivals","Delano Burgzorg","https://www.transfermarkt.com/delano-burgzorg/profil/spieler/436585","Left Winger","25","Suriname","Huddersfield","Championship","England",NA,TRUE,"End of loan 30/06/2024","Summer",NA,NA,NA,NA
"1.FSV Mainz 05","Bundesliga","Germany","2024","Arrivals","Aymen Barkok","https://www.transfermarkt.com/aymen-barkok/profil/spieler/315332","Attacking Midfield","26","Morocco","Hertha BSC","2. Bundesliga","Germany",NA,TRUE,"End of loan 30/06/2024","Summer",15,4,0,70
"1.FSV Mainz 05","Bundesliga","Germany","2024","Arrivals","Ben Bobzien","https://www.transfermarkt.com/ben-bobzien/profil/spieler/658116","Centre-Forward","21","Germany","A. Lustenau","Bundesliga","Austria",NA,TRUE,"End of loan 30/06/2024","Summer",NA,NA,NA,NA
"1.FSV Mainz 05","Bundesliga","Germany","2024","Arrivals","Arnaud Nordin","https://www.transfermarkt.com/arnaud-nordin/profil/spieler/324811","Right Winger","26","France","Montpellier","Ligue 1","France",1e+06,FALSE,NA,"Winter",13,6,0,75
"1.FSV Mainz 05","Bundesliga","Germany","2024","Arrivals","Lennard Maloney","https://www.transfermarkt.com/lennard-maloney/profil/spieler/392710","Defensive Midfield","25","United States","Heidenheim","Bundesliga","Germany",NA,FALSE,"€500k","Winter",15,5,0,23
"1.FSV Mainz 05","Bundesliga","Germany","2024","Arrivals","Tom Krauß","https://www.transfermarkt.com/tom-krauss/profil/spieler/405687","Central Midfield","23","Germany","Luton","Championship","England",NA,TRUE,"End of loan 29/01/2025","Winter",NA,NA,NA,NA
"FC Augsburg","Bundesliga","Germany","2024","Arrivals","Kristijan Jakic","https://www.transfermarkt.com/kristijan-jakic/profil/spieler/374954","Defensive Midfield","27","Croatia","Frankfurt","Bundesliga","Germany",5e+06,FALSE,NA,"Summer",35,35,0,2564
"FC Augsburg","Bundesliga","Germany","2024","Arrivals","Samuel Essende","https://www.transfermarkt.com/samuel-essende/profil/spieler/395522","Centre-Forward","26","DR Congo","Vizela","Liga Portugal 2","Portugal",4e+06,FALSE,NA,"Summer",35,34,10,1841
"FC Augsburg","Bundesliga","Germany","2024","Arrivals","Keven Schlotterbeck","https://www.transfermarkt.com/keven-schlotterbeck/profil/spieler/413843","Centre-Back","27","Germany","Freiburg","Bundesliga","Germany",2500000,FALSE,NA,"Summer",32,22,3,1656
"FC Augsburg","Bundesliga","Germany","2024","Arrivals","Nediljko Labrovic","https://www.transfermarkt.com/nediljko-labrovic/profil/spieler/610190","Goalkeeper","24","Croatia","HNK Rijeka","SuperSport HNL","Croatia",2500000,FALSE,NA,"Summer",38,17,0,1530
"FC Augsburg","Bundesliga","Germany","2024","Arrivals","Yusuf Kabadayi","https://www.transfermarkt.com/yusuf-kabadayi/profil/spieler/604359","Left Winger","20","Germany","FC Bayern II","Regionalliga Bayern","Germany",NA,FALSE,"€900k","Summer",14,6,1,90
"FC Augsburg","Bundesliga","Germany","2024","Arrivals","Steve Mounié","https://www.transfermarkt.com/steve-mounie/profil/spieler/238639","Centre-Forward","29","Benin","Stade Brestois","Ligue 1","France",0,FALSE,NA,"Summer",29,17,1,344
"FC Augsburg","Bundesliga","Germany","2024","Arrivals","Alexis Claude-Maurice","https://www.transfermarkt.com/alexis-claude-maurice/profil/spieler/384593","Attacking Midfield","26","France","Nice","Ligue 1","France",0,FALSE,NA,"Summer",34,31,10,2340
"FC Augsburg","Bundesliga","Germany","2024","Arrivals","Marius Wolf","https://www.transfermarkt.com/marius-wolf/profil/spieler/193900","Right-Back","29","Germany","Dortmund","Bundesliga","Germany",0,FALSE,NA,"Summer",36,36,1,2448
"FC Augsburg","Bundesliga","Germany","2024","Arrivals","Dimitrios Giannoulis","https://www.transfermarkt.com/dimitrios-giannoulis/profil/spieler/295630","Left-Back","28","Greece","Norwich","Championship","England",0,FALSE,NA,"Summer",34,34,1,2926
"FC Augsburg","Bundesliga","Germany","2024","Arrivals","Frank Onyeka","https://www.transfermarkt.com/frank-onyeka/profil/spieler/421637","Central Midfield","26","Nigeria","Brentford","Premier League","England",NA,TRUE,"loan transfer","Summer",34,34,0,2806
"FC Augsburg","Bundesliga","Germany","2024","Arrivals","Chrislain Matsima","https://www.transfermarkt.com/chrislain-matsima/profil/spieler/569383","Centre-Back","22","France","Monaco","Ligue 1","Monaco",NA,TRUE,"loan transfer","Summer",35,33,1,2851
"FC Augsburg","Bundesliga","Germany","2024","Arrivals","Noahkai Banks","https://www.transfermarkt.com/noahkai-banks/profil/spieler/923945","Centre-Back","17","United States","FC Augsburg II","Regionalliga Bayern","Germany",NA,FALSE,"-","Summer",22,8,0,274
"FC Augsburg","Bundesliga","Germany","2024","Arrivals","Mahmut Kücüksahin","https://www.transfermarkt.com/mahmut-kucuksahin/profil/spieler/730486","Defensive Midfield","20","Türkiye","FC Augsburg II","Regionalliga Bayern","Germany",NA,FALSE,"-","Summer",3,0,0,0
"FC Augsburg","Bundesliga","Germany","2024","Arrivals","Irvin Cardona","https://www.transfermarkt.com/irvin-cardona/profil/spieler/342226","Centre-Forward","26","Malta","Saint-Étienne","Ligue 2","France",NA,TRUE,"End of loan 30/06/2024","Summer",NA,NA,NA,NA
"FC Augsburg","Bundesliga","Germany","2024","Arrivals","Nathanaël Mbuku","https://www.transfermarkt.com/nathanael-mbuku/profil/spieler/557614","Left Winger","22","DR Congo","Saint-Étienne","Ligue 2","France",NA,TRUE,"End of loan 30/06/2024","Summer",NA,NA,NA,NA
"FC Augsburg","Bundesliga","Germany","2024","Arrivals","Masaya Okugawa","https://www.transfermarkt.com/masaya-okugawa/profil/spieler/307052","Left Winger","28","Japan","Hamburg","2. Bundesliga","Germany",NA,TRUE,"End of loan 30/06/2024","Summer",NA,NA,NA,NA
"FC Augsburg","Bundesliga","Germany","2024","Arrivals","Lasse Günther","https://www.transfermarkt.com/lasse-gunther/profil/spieler/522245","Left-Back","21","Germany","Wehen Wiesbaden","2. Bundesliga","Germany",NA,TRUE,"End of loan 30/06/2024","Summer",NA,NA,NA,NA
"FC Augsburg","Bundesliga","Germany","2024","Arrivals","Lukas Petkov","https://www.transfermarkt.com/lukas-petkov/profil/spieler/401639","Right Winger","23","Bulgaria","Greuther Fürth","2. Bundesliga","Germany",NA,TRUE,"End of loan 30/06/2024","Summer",NA,NA,NA,NA
"FC Augsburg","Bundesliga","Germany","2024","Arrivals","Henri Koudossou","https://www.transfermarkt.com/henri-koudossou/profil/spieler/515624","Right-Back","24","Germany","ADO Den Haag","Keuken Kampioen Divisie","Netherlands",NA,TRUE,"End of loan 30/06/2024","Summer",29,23,0,865
"FC Augsburg","Bundesliga","Germany","2024","Arrivals","Daniel Klein","https://www.transfermarkt.com/daniel-klein/profil/spieler/392124","Goalkeeper","23","Germany","SV Sandhausen","3. Liga","Germany",NA,TRUE,"End of loan 30/06/2024","Summer",6,0,0,0
"FC Augsburg","Bundesliga","Germany","2024","Arrivals","Mergim Berisha","https://www.transfermarkt.com/mergim-berisha/profil/spieler/307924","Centre-Forward","26","Germany","Hoffenheim","Bundesliga","Germany",NA,TRUE,"loan transfer","Winter",3,2,0,38
"FC Augsburg","Bundesliga","Germany","2024","Arrivals","Cédric Zesiger","https://www.transfermarkt.com/cedric-zesiger/profil/spieler/382478","Centre-Back","26","Switzerland","Wolfsburg","Bundesliga","Germany",NA,TRUE,"loan transfer","Winter",16,15,0,1227
"FC Augsburg","Bundesliga","Germany","2024","Arrivals","Irvin Cardona","https://www.transfermarkt.com/irvin-cardona/profil/spieler/342226","Centre-Forward","27","Malta","Espanyol","LaLiga","Spain",NA,TRUE,"End of loan 27/01/2025","Winter",NA,NA,NA,NA
"FC Augsburg","Bundesliga","Germany","2024","Arrivals","Patric Pfeiffer","https://www.transfermarkt.com/patric-pfeiffer/profil/spieler/391742","Centre-Back","25","Ghana","Young Boys","Super League","Switzerland",NA,TRUE,"End of loan 02/02/2025","Winter",NA,NA,NA,NA
"1.FC Union Berlin","Bundesliga","Germany","2024","Arrivals","Tom Rothe","https://www.transfermarkt.com/tom-rothe/profil/spieler/798043","Left-Back","19","Germany","Dortmund","Bundesliga","Germany",5e+06,FALSE,NA,"Summer",32,27,3,1706
"1.FC Union Berlin","Bundesliga","Germany","2024","Arrivals","László Bénes","https://www.transfermarkt.com/laszlo-benes/profil/spieler/243188","Central Midfield","26","Slovakia","Hamburg","2. Bundesliga","Germany",3e+06,FALSE,NA,"Summer",32,25,2,725
"1.FC Union Berlin","Bundesliga","Germany","2024","Arrivals","Leopold Querfeld","https://www.transfermarkt.com/leopold-querfeld/profil/spieler/597432","Centre-Back","20","Austria","Rapid Vienna","Bundesliga","Austria",3e+06,FALSE,NA,"Summer",35,28,2,1832
"1.FC Union Berlin","Bundesliga","Germany","2024","Arrivals","Ivan Prtajin","https://www.transfermarkt.com/ivan-prtajin/profil/spieler/340700","Centre-Forward","28","Croatia","Wehen Wiesbaden","3. Liga","Germany",1e+06,FALSE,NA,"Summer",13,5,0,158
"1.FC Union Berlin","Bundesliga","Germany","2024","Arrivals","Woo-yeong Jeong","https://www.transfermarkt.com/woo-yeong-jeong/profil/spieler/297583","Attacking Midfield","24","Korea, South","Stuttgart","Bundesliga","Germany",NA,TRUE,"Loan fee:€700k","Summer",23,23,3,1271
"1.FC Union Berlin","Bundesliga","Germany","2024","Arrivals","Livan Burcu","https://www.transfermarkt.com/livan-burcu/profil/spieler/519872","Left Winger","19","Türkiye","SV Sandhausen","3. Liga","Germany",NA,FALSE,"€300k","Summer",NA,NA,NA,NA
"1.FC Union Berlin","Bundesliga","Germany","2024","Arrivals","Alex Král","https://www.transfermarkt.com/alex-kral/profil/spieler/337333","Central Midfield","26","Czech Republic","Spartak Moscow","Premier Liga","Russia",0,FALSE,NA,"Summer",NA,NA,NA,NA
"1.FC Union Berlin","Bundesliga","Germany","2024","Arrivals","Carl Klaus","https://www.transfermarkt.com/carl-klaus/profil/spieler/161057","Goalkeeper","30","Germany","1.FC Nuremberg","2. Bundesliga","Germany",0,FALSE,NA,"Summer",8,0,0,0
"1.FC Union Berlin","Bundesliga","Germany","2024","Arrivals","Andrej Ilic","https://www.transfermarkt.com/andrej-ilic/profil/spieler/583699","Centre-Forward","24","Serbia","Lille","Ligue 1","France",NA,TRUE,"loan transfer","Summer",16,16,7,943
"1.FC Union Berlin","Bundesliga","Germany","2024","Arrivals","Robert Skov","https://www.transfermarkt.com/robert-skov/profil/spieler/270393","Left Midfield","28","Denmark","Without Club",NA,NA,NA,FALSE,"-","Summer",21,16,2,913
"1.FC Union Berlin","Bundesliga","Germany","2024","Arrivals","Jamie Leweling","https://www.transfermarkt.com/jamie-leweling/profil/spieler/518505","Right Winger","23","Germany","Stuttgart","Bundesliga","Germany",NA,TRUE,"End of loan 30/06/2024","Summer",NA,NA,NA,NA
"1.FC Union Berlin","Bundesliga","Germany","2024","Arrivals","Jordan","https://www.transfermarkt.com/jordan/profil/spieler/355369","Centre-Forward","28","United States","Mönchengladbach","Bundesliga","Germany",NA,TRUE,"End of loan 30/06/2024","Summer",22,20,0,1077
"1.FC Union Berlin","Bundesliga","Germany","2024","Arrivals","Morten Thorsby","https://www.transfermarkt.com/morten-thorsby/profil/spieler/226524","Central Midfield","28","Norway","Genoa","Serie A","Italy",NA,TRUE,"End of loan 30/06/2024","Summer",NA,NA,NA,NA
"1.FC Union Berlin","Bundesliga","Germany","2024","Arrivals","Tim Skarke","https://www.transfermarkt.com/tim-skarke/profil/spieler/287920","Centre-Forward","27","Germany","Darmstadt 98","Bundesliga","Germany",NA,TRUE,"End of loan 30/06/2024","Summer",36,35,0,1210
"1.FC Union Berlin","Bundesliga","Germany","2024","Arrivals","Aljoscha Kemlein","https://www.transfermarkt.com/aljoscha-kemlein/profil/spieler/692737","Defensive Midfield","19","Germany","St. Pauli","2. Bundesliga","Germany",NA,TRUE,"End of loan 30/06/2024","Summer",21,17,1,970
"1.FC Union Berlin","Bundesliga","Germany","2024","Arrivals","Tymoteusz Puchacz","https://www.transfermarkt.com/tymoteusz-puchacz/profil/spieler/361575","Left-Back","25","Poland","1.FC K'lautern","2. Bundesliga","Germany",NA,TRUE,"End of loan 30/06/2024","Summer",NA,NA,NA,NA
"1.FC Union Berlin","Bundesliga","Germany","2024","Arrivals","Lennart Grill","https://www.transfermarkt.com/lennart-grill/profil/spieler/309397","Goalkeeper","25","Germany","VfL Osnabrück","2. Bundesliga","Germany",NA,TRUE,"End of loan 30/06/2024","Summer",NA,NA,NA,NA
"1.FC Union Berlin","Bundesliga","Germany","2024","Arrivals","Keita Endo","https://www.transfermarkt.com/keita-endo/profil/spieler/421726","Left Winger","26","Japan","FC Tokyo","J1 League","Japan",NA,TRUE,"End of loan 07/07/2024","Summer",NA,NA,NA,NA
"1.FC Union Berlin","Bundesliga","Germany","2024","Arrivals","Yannic Stein","https://www.transfermarkt.com/yannic-stein/profil/spieler/698840","Goalkeeper","19","Germany","VfB Lübeck","3. Liga","Germany",NA,TRUE,"End of loan 30/06/2024","Summer",NA,NA,NA,NA
"1.FC Union Berlin","Bundesliga","Germany","2024","Arrivals","David Preu","https://www.transfermarkt.com/david-preu/profil/spieler/745075","Left Winger","19","Germany","VfR Aalen","Regionalliga Südwest","Germany",NA,TRUE,"End of loan 30/06/2024","Summer",7,5,0,119
"1.FC Union Berlin","Bundesliga","Germany","2024","Arrivals","Marin Ljubicic","https://www.transfermarkt.com/marin-ljubicic/profil/spieler/838236","Centre-Forward","22","Croatia","LASK","Bundesliga","Austria",4500000,FALSE,NA,"Winter",14,13,1,271
"1.FC Union Berlin","Bundesliga","Germany","2024","Arrivals","Julien Friedrich","https://www.transfermarkt.com/julien-friedrich/profil/spieler/1033581","Left Winger","18","Germany","U. Berlin U19","U19 Nachwuchsliga - Liga A","Germany",NA,FALSE,"-","Winter",NA,NA,NA,NA
"1.FC Union Berlin","Bundesliga","Germany","2024","Arrivals","Chris Bedia","https://www.transfermarkt.com/chris-bedia/profil/spieler/294791","Centre-Forward","28","Cote d'Ivoire","Hull City","Championship","England",NA,TRUE,"End of loan 01/02/2025","Winter",NA,NA,NA,NA
"1.FC Union Berlin","Bundesliga","Germany","2024","Arrivals","Lennart Grill","https://www.transfermarkt.com/lennart-grill/profil/spieler/309397","Goalkeeper","25","Germany","E. Braunschweig","2. Bundesliga","Germany",NA,TRUE,"End of loan 21/01/2025","Winter",NA,NA,NA,NA
"SV Werder Bremen","Bundesliga","Germany","2024","Arrivals","Skelly Alvero","https://www.transfermarkt.com/skelly-alvero/profil/spieler/855134","Defensive Midfield","22","France","Lyon","Ligue 1","France",4750000,FALSE,NA,"Summer",25,12,0,231
"SV Werder Bremen","Bundesliga","Germany","2024","Arrivals","Keke Topp","https://www.transfermarkt.com/keke-topp/profil/spieler/701757","Centre-Forward","20","Germany","FC Schalke 04","2. Bundesliga","Germany",2e+06,FALSE,NA,"Summer",24,20,5,299
"SV Werder Bremen","Bundesliga","Germany","2024","Arrivals","Markus Kolke","https://www.transfermarkt.com/markus-kolke/profil/spieler/99451","Goalkeeper","33","Germany","Hansa Rostock","3. Liga","Germany",NA,FALSE,"€75k","Summer",1,0,0,0
"SV Werder Bremen","Bundesliga","Germany","2024","Arrivals","Marco Grüll","https://www.transfermarkt.com/marco-grull/profil/spieler/391766","Left Winger","25","Austria","Rapid Vienna","Bundesliga","Austria",0,FALSE,NA,"Summer",35,34,6,1342
"SV Werder Bremen","Bundesliga","Germany","2024","Arrivals","Derrick Köhn","https://www.transfermarkt.com/derrick-kohn/profil/spieler/391780","Left-Back","25","Ghana","Galatasaray","Süper Lig","Türkiye",NA,TRUE,"loan transfer","Summer",34,30,2,1597
"SV Werder Bremen","Bundesliga","Germany","2024","Arrivals","Eren Dinkçi","https://www.transfermarkt.com/eren-dinkci/profil/spieler/645774","Right Winger","22","Türkiye","Heidenheim","Bundesliga","Germany",NA,TRUE,"End of loan 30/06/2024","Summer",NA,NA,NA,NA
"SV Werder Bremen","Bundesliga","Germany","2024","Arrivals","Oliver Burke","https://www.transfermarkt.com/oliver-burke/profil/spieler/341317","Centre-Forward","27","Scotland","Birmingham","Championship","England",NA,TRUE,"End of loan 30/06/2024","Summer",32,27,6,944
"SV Werder Bremen","Bundesliga","Germany","2024","Arrivals","Mio Backhaus","https://www.transfermarkt.com/mio-backhaus/profil/spieler/620295","Goalkeeper","20","Germany","FC Volendam","Eredivisie","Netherlands",NA,TRUE,"End of loan 30/06/2024","Summer",37,0,0,0
"SV Werder Bremen","Bundesliga","Germany","2024","Arrivals","Abdenego Nankishi","https://www.transfermarkt.com/abdenego-nankishi/profil/spieler/455662","Left Winger","21","Germany","1860 Munich","3. Liga","Germany",NA,TRUE,"End of loan 30/06/2024","Summer",6,0,0,0
"SV Werder Bremen","Bundesliga","Germany","2024","Arrivals","Dikeni Salifou","https://www.transfermarkt.com/dikeni-salifou/profil/spieler/664973","Central Midfield","21","Togo","Juve Next Gen","Serie C - B","Italy",NA,TRUE,"End of loan 30/06/2024","Summer",NA,NA,NA,NA
"SV Werder Bremen","Bundesliga","Germany","2024","Arrivals","Issa Kaboré","https://www.transfermarkt.com/issa-kabore/profil/spieler/649452","Right-Back","23","Burkina Faso","Man City","Premier League","England",NA,TRUE,"loan transfer","Winter",13,9,0,304
"SV Werder Bremen","Bundesliga","Germany","2024","Arrivals","André Silva","https://www.transfermarkt.com/andre-silva/profil/spieler/198008","Centre-Forward","29","Portugal","Leipzig","Bundesliga","Germany",NA,TRUE,"loan transfer","Winter",15,8,1,422
"1.FC Heidenheim 1846","Bundesliga","Germany","2024","Arrivals","Niklas Dorsch","https://www.transfermarkt.com/niklas-dorsch/profil/spieler/251302","Defensive Midfield","26","Germany","Augsburg","Bundesliga","Germany",3500000,FALSE,NA,"Summer",32,30,2,1780
"1.FC Heidenheim 1846","Bundesliga","Germany","2024","Arrivals","Mikkel Kaufmann","https://www.transfermarkt.com/mikkel-kaufmann/profil/spieler/545332","Centre-Forward","23","Denmark","Union Berlin","Bundesliga","Germany",1250000,FALSE,NA,"Summer",22,17,0,852
"1.FC Heidenheim 1846","Bundesliga","Germany","2024","Arrivals","Sirlord Conteh","https://www.transfermarkt.com/sirlord-conteh/profil/spieler/307183","Right Winger","27","Germany","SC Paderborn","2. Bundesliga","Germany",NA,FALSE,"€700k","Summer",45,38,3,1416
"1.FC Heidenheim 1846","Bundesliga","Germany","2024","Arrivals","Leo Scienza","https://www.transfermarkt.com/leo-scienza/profil/spieler/804219","Left Winger","25","Brazil","SSV Ulm 1846","2. Bundesliga","Germany",NA,FALSE,"€600k","Summer",45,37,6,1946
"1.FC Heidenheim 1846","Bundesliga","Germany","2024","Arrivals","Julian Niehues","https://www.transfermarkt.com/julian-niehues/profil/spieler/530173","Defensive Midfield","23","Germany","1.FC K'lautern","2. Bundesliga","Germany",0,FALSE,NA,"Summer",14,10,0,287
"1.FC Heidenheim 1846","Bundesliga","Germany","2024","Arrivals","Luca Kerber","https://www.transfermarkt.com/luca-kerber/profil/spieler/809498","Central Midfield","22","Germany","Saarbrücken","3. Liga","Germany",0,FALSE,NA,"Summer",46,34,2,1469
"1.FC Heidenheim 1846","Bundesliga","Germany","2024","Arrivals","Mathias Honsak","https://www.transfermarkt.com/mathias-honsak/profil/spieler/283497","Left Winger","27","Austria","Darmstadt 98","2. Bundesliga","Germany",0,FALSE,NA,"Summer",35,35,9,1816
"1.FC Heidenheim 1846","Bundesliga","Germany","2024","Arrivals","Maximilian Breunig","https://www.transfermarkt.com/maximilian-breunig/profil/spieler/584254","Centre-Forward","23","Germany","SC Freiburg II","Regionalliga Südwest","Germany",0,FALSE,NA,"Summer",30,22,5,677
"1.FC Heidenheim 1846","Bundesliga","Germany","2024","Arrivals","Paul Wanner","https://www.transfermarkt.com/paul-wanner/profil/spieler/900909","Attacking Midfield","18","Germany","Bayern Munich","Bundesliga","Germany",NA,TRUE,"loan transfer","Summer",47,41,6,2405
"1.FC Heidenheim 1846","Bundesliga","Germany","2024","Arrivals","Christopher Negele","https://www.transfermarkt.com/christopher-negele/profil/spieler/924339","Left Winger","19","Germany","Heidenheim U19","U19 Nachwuchsliga - Liga A","Germany",NA,FALSE,"-","Summer",7,1,0,29
"1.FC Heidenheim 1846","Bundesliga","Germany","2024","Arrivals","Tim Köther","https://www.transfermarkt.com/tim-kother/profil/spieler/595301","Left-Back","23","Germany","MSV Duisburg","3. Liga","Germany",NA,TRUE,"End of loan 30/06/2024","Summer",NA,NA,NA,NA
"1.FC Heidenheim 1846","Bundesliga","Germany","2024","Arrivals","Budu Zivzivadze","https://www.transfermarkt.com/budu-zivzivadze/profil/spieler/187097","Centre-Forward","30","Georgia","Karlsruher SC","2. Bundesliga","Germany",2e+06,FALSE,NA,"Winter",19,19,2,1216
"1.FC Heidenheim 1846","Bundesliga","Germany","2024","Arrivals","Frans Krätzig","https://www.transfermarkt.com/frans-kratzig/profil/spieler/604320","Left-Back","21","Germany","Bayern Munich","Bundesliga","Germany",NA,TRUE,"loan transfer","Winter",19,18,1,1406
"FC St. Pauli","Bundesliga","Germany","2024","Arrivals","Fin Stevens","https://www.transfermarkt.com/fin-stevens/profil/spieler/587019","Right-Back","21","Wales","Brentford","Premier League","England",NA,FALSE,"€600k","Summer",16,2,0,72
"FC St. Pauli","Bundesliga","Germany","2024","Arrivals","Morgan Guilavogui","https://www.transfermarkt.com/morgan-guilavogui/profil/spieler/691786","Right Winger","26","Guinea","Lens","Ligue 1","France",NA,TRUE,"Loan fee:€500k","Summer",27,27,7,1979
"FC St. Pauli","Bundesliga","Germany","2024","Arrivals","Scott Banks","https://www.transfermarkt.com/scott-banks/profil/spieler/596821","Right Winger","22","Scotland","Crystal Palace","Premier League","England",NA,FALSE,"€400k","Summer",23,12,0,106
"FC St. Pauli","Bundesliga","Germany","2024","Arrivals","Robert Wagner","https://www.transfermarkt.com/robert-wagner/profil/spieler/690429","Central Midfield","20","Germany","Freiburg","Bundesliga","Germany",NA,TRUE,"Loan fee:€200k","Summer",16,14,0,565
"FC St. Pauli","Bundesliga","Germany","2024","Arrivals","Ben Voll","https://www.transfermarkt.com/ben-voll/profil/spieler/453742","Goalkeeper","23","Germany","Viktoria Köln","3. Liga","Germany",NA,FALSE,"€100k","Summer",25,2,0,91
"FC St. Pauli","Bundesliga","Germany","2024","Arrivals","Eric Oelschlägel","https://www.transfermarkt.com/eric-oelschlagel/profil/spieler/152460","Goalkeeper","29","Germany","Without Club",NA,NA,NA,FALSE,"-","Summer",11,0,0,0
"FC St. Pauli","Bundesliga","Germany","2024","Arrivals","Muhammad Dahaba","https://www.transfermarkt.com/muhammad-dahaba/profil/spieler/914890","Centre-Back","19","Germany","St. Pauli II","Regionalliga Nord","Germany",NA,FALSE,"-","Summer",0,0,0,0
"FC St. Pauli","Bundesliga","Germany","2024","Arrivals","Abdoulie Ceesay","https://www.transfermarkt.com/abdoulie-ceesay/profil/spieler/1280281","Centre-Forward","20","The Gambia","Paide","Premium Liiga","Estonia",NA,FALSE,"€450k","Winter",14,7,0,54
"FC St. Pauli","Bundesliga","Germany","2024","Arrivals","Noah Weißhaupt","https://www.transfermarkt.com/noah-weisshaupt/profil/spieler/392163","Left Winger","23","Germany","Freiburg","Bundesliga","Germany",NA,TRUE,"loan transfer","Winter",19,19,1,1167
"FC St. Pauli","Bundesliga","Germany","2024","Arrivals","James Sands","https://www.transfermarkt.com/james-sands/profil/spieler/393321","Defensive Midfield","24","United States","New York City","MLS","United States",NA,TRUE,"loan transfer","Winter",7,7,0,452
"FC St. Pauli","Bundesliga","Germany","2024","Arrivals","Siebe Van der Heyden","https://www.transfermarkt.com/siebe-van-der-heyden/profil/spieler/400131","Centre-Back","26","Belgium","RCD Mallorca","LaLiga","Spain",NA,TRUE,"loan transfer","Winter",13,13,1,876
"FC St. Pauli","Bundesliga","Germany","2024","Arrivals","Eric Oelschlägel","https://www.transfermarkt.com/eric-oelschlagel/profil/spieler/152460","Goalkeeper","29","Germany","Without Club",NA,NA,NA,FALSE,"-","Winter",11,0,0,0
"FC St. Pauli","Bundesliga","Germany","2024","Arrivals","Marwin Schmitz","https://www.transfermarkt.com/marwin-schmitz/profil/spieler/1003534","Defensive Midfield","18","Germany","St. Pauli II","Regionalliga Nord","Germany",NA,FALSE,"-","Winter",10,0,0,0
"FC St. Pauli","Bundesliga","Germany","2024","Arrivals","Romeo Aigbekaen","https://www.transfermarkt.com/romeo-aigbekaen/profil/spieler/795387","Left Winger","20","Germany","St. Pauli II","Regionalliga Nord","Germany",NA,FALSE,"-","Winter",1,0,0,0
"VfL Bochum","2. Bundesliga","Germany","2024","Arrivals","Koji Miyoshi","https://www.transfermarkt.com/koji-miyoshi/profil/spieler/295060","Right Midfield","27","Japan","Birmingham","League One","England",NA,FALSE,"€400k","Summer",21,15,1,460
"VfL Bochum","2. Bundesliga","Germany","2024","Arrivals","Ibrahima Sissoko","https://www.transfermarkt.com/ibrahima-sissoko/profil/spieler/372712","Defensive Midfield","26","Mali","R. Strasbourg","Ligue 1","France",0,FALSE,NA,"Summer",33,33,2,2714
"VfL Bochum","2. Bundesliga","Germany","2024","Arrivals","Dani de Wit","https://www.transfermarkt.com/dani-de-wit/profil/spieler/340459","Attacking Midfield","26","Netherlands","AZ Alkmaar","Eredivisie","Netherlands",0,FALSE,NA,"Summer",33,28,2,1145
"VfL Bochum","2. Bundesliga","Germany","2024","Arrivals","Ivan Ordets","https://www.transfermarkt.com/ivan-ordets/profil/spieler/118850","Centre-Back","31","Ukraine","Dynamo Moscow","Premier Liga","Russia",0,FALSE,NA,"Summer",24,22,0,1865
"VfL Bochum","2. Bundesliga","Germany","2024","Arrivals","Timo Horn","https://www.transfermarkt.com/timo-horn/profil/spieler/84938","Goalkeeper","31","Germany","Salzburg","Bundesliga","Austria",0,FALSE,NA,"Summer",35,13,0,1170
"VfL Bochum","2. Bundesliga","Germany","2024","Arrivals","Samuel Bamba","https://www.transfermarkt.com/samuel-bamba/profil/spieler/684318","Right Winger","20","Germany","B. Dortmund II","3. Liga","Germany",0,FALSE,NA,"Summer",14,6,0,27
"VfL Bochum","2. Bundesliga","Germany","2024","Arrivals","Patrick Drewes","https://www.transfermarkt.com/patrick-drewes/profil/spieler/94192","Goalkeeper","31","Germany","Karlsruher SC","2. Bundesliga","Germany",0,FALSE,NA,"Summer",34,22,0,1980
"VfL Bochum","2. Bundesliga","Germany","2024","Arrivals","Niklas Jahn","https://www.transfermarkt.com/niklas-jahn/profil/spieler/744600","Defensive Midfield","19","Germany","Nuremberg II","Regionalliga Bayern","Germany",0,FALSE,NA,"Summer",1,0,0,0
"VfL Bochum","2. Bundesliga","Germany","2024","Arrivals","Myron Boadu","https://www.transfermarkt.com/myron-boadu/profil/spieler/412932","Centre-Forward","23","Netherlands","Monaco","Ligue 1","Monaco",NA,TRUE,"loan transfer","Summer",23,20,9,1062
"VfL Bochum","2. Bundesliga","Germany","2024","Arrivals","Jakov Medic","https://www.transfermarkt.com/jakov-medic/profil/spieler/488755","Centre-Back","25","Croatia","Ajax","Eredivisie","Netherlands",NA,TRUE,"loan transfer","Summer",33,23,1,1604
"VfL Bochum","2. Bundesliga","Germany","2024","Arrivals","Aliou Baldé","https://www.transfermarkt.com/aliou-balde/profil/spieler/666977","Left Winger","21","Guinea","Nice","Ligue 1","France",NA,TRUE,"loan transfer","Summer",6,5,0,87
"VfL Bochum","2. Bundesliga","Germany","2024","Arrivals","Lennart Koerdt","https://www.transfermarkt.com/lennart-koerdt/profil/spieler/930008","Attacking Midfield","19","Germany","VfL Bochum U19","U19 Nachwuchsliga - Liga A","Germany",NA,FALSE,"-","Summer",0,0,0,0
"VfL Bochum","2. Bundesliga","Germany","2024","Arrivals","Gerrit Holtmann","https://www.transfermarkt.com/gerrit-holtmann/profil/spieler/190289","Left Winger","29","Philippines","Darmstadt 98","Bundesliga","Germany",NA,TRUE,"End of loan 30/06/2024","Summer",26,23,2,1138
"VfL Bochum","2. Bundesliga","Germany","2024","Arrivals","Jordi Osei-Tutu","https://www.transfermarkt.com/jordi-osei-tutu/profil/spieler/397099","Right-Back","25","England","PAS Giannina","Super League 1","Greece",NA,TRUE,"End of loan 30/06/2024","Summer",NA,NA,NA,NA
"VfL Bochum","2. Bundesliga","Germany","2024","Arrivals","Mats Pannewig","https://www.transfermarkt.com/mats-pannewig/profil/spieler/796221","Central Midfield","19","Germany","SC Wiedenbrück","Regionalliga West","Germany",NA,TRUE,"End of loan 30/06/2024","Summer",29,14,0,257
"VfL Bochum","2. Bundesliga","Germany","2024","Arrivals","Paul Grave","https://www.transfermarkt.com/paul-grave/profil/spieler/452192","Goalkeeper","23","Germany","Wuppertaler SV","Regionalliga West","Germany",NA,TRUE,"End of loan 30/06/2024","Summer",1,0,0,0
"VfL Bochum","2. Bundesliga","Germany","2024","Arrivals","Tom Krauß","https://www.transfermarkt.com/tom-krauss/profil/spieler/405687","Central Midfield","23","Germany","Mainz","Bundesliga","Germany",NA,TRUE,"Loan fee:€200k","Winter",14,14,0,1081
"VfL Bochum","2. Bundesliga","Germany","2024","Arrivals","Georgios Masouras","https://www.transfermarkt.com/georgios-masouras/profil/spieler/329517","Left Winger","31","Greece","Olympiacos","Super League 1","Greece",NA,TRUE,"loan transfer","Winter",14,14,2,1065
"Holstein Kiel","2. Bundesliga","Germany","2024","Arrivals","Tymoteusz Puchacz","https://www.transfermarkt.com/tymoteusz-puchacz/profil/spieler/361575","Left-Back","25","Poland","Union Berlin","Bundesliga","Germany",2e+06,FALSE,NA,"Summer",16,12,0,479
"Holstein Kiel","2. Bundesliga","Germany","2024","Arrivals","Magnus Knudsen","https://www.transfermarkt.com/magnus-knudsen/profil/spieler/651735","Central Midfield","23","Norway","Rostov","Premier Liga","Russia",1e+06,FALSE,NA,"Summer",35,33,0,1897
"Holstein Kiel","2. Bundesliga","Germany","2024","Arrivals","Max Geschwill","https://www.transfermarkt.com/max-geschwill/profil/spieler/471890","Centre-Back","22","Germany","SV Sandhausen","3. Liga","Germany",NA,FALSE,"€200k","Summer",31,20,1,1375
"Holstein Kiel","2. Bundesliga","Germany","2024","Arrivals","Phil Harres","https://www.transfermarkt.com/phil-harres/profil/spieler/606119","Centre-Forward","22","Germany","FC 08 Homburg","Regionalliga Südwest","Germany",NA,FALSE,"€200k","Summer",28,27,8,1634
"Holstein Kiel","2. Bundesliga","Germany","2024","Arrivals","Andu Kelati","https://www.transfermarkt.com/andu-kelati/profil/spieler/719694","Left Winger","21","Germany","Hoffenheim II","Regionalliga Südwest","Germany",0,FALSE,NA,"Summer",16,9,1,300
"Holstein Kiel","2. Bundesliga","Germany","2024","Arrivals","Armin Gigovic","https://www.transfermarkt.com/armin-gigovic/profil/spieler/651269","Central Midfield","22","Bosnia-Herzegovina","Rostov","Premier Liga","Russia",NA,TRUE,"loan transfer","Summer",34,32,5,1995
"Holstein Kiel","2. Bundesliga","Germany","2024","Arrivals","Dominik Javorcek","https://www.transfermarkt.com/dominik-javorcek/profil/spieler/610608","Left-Back","21","Slovakia","MSK Zilina","Niké Liga","Slovakia",NA,TRUE,"loan transfer","Summer",26,13,0,381
"Holstein Kiel","2. Bundesliga","Germany","2024","Arrivals","Ba-Muaka Simakala","https://www.transfermarkt.com/ba-muaka-simakala/profil/spieler/227974","Second Striker","27","Germany","1.FC K'lautern","2. Bundesliga","Germany",NA,TRUE,"End of loan 30/06/2024","Summer",NA,NA,NA,NA
"Holstein Kiel","2. Bundesliga","Germany","2024","Arrivals","Kwasi Wriedt","https://www.transfermarkt.com/kwasi-wriedt/profil/spieler/154819","Centre-Forward","29","Ghana","VfL Osnabrück","2. Bundesliga","Germany",NA,TRUE,"End of loan 30/06/2024","Summer",NA,NA,NA,NA
"Holstein Kiel","2. Bundesliga","Germany","2024","Arrivals","John Tolkin","https://www.transfermarkt.com/john-tolkin/profil/spieler/683812","Left-Back","22","United States","New York","MLS","United States",2500000,FALSE,NA,"Winter",13,11,0,739
"Holstein Kiel","2. Bundesliga","Germany","2024","Arrivals","David Zec","https://www.transfermarkt.com/david-zec/profil/spieler/469709","Centre-Back","24","Slovenia","NK Celje","Prva Liga","Slovenia",1500000,FALSE,NA,"Winter",18,18,2,1545
"Holstein Kiel","2. Bundesliga","Germany","2024","Arrivals","Ivan Nekic","https://www.transfermarkt.com/ivan-nekic/profil/spieler/464333","Centre-Back","24","Croatia","NK Varazdin","SuperSport HNL","Croatia",NA,FALSE,"?","Winter",2,1,0,72
